DateTime,Depth,temp
2013-05-16,0.1,18.3691
2013-05-16,1,16.8125
2013-05-16,2,14.3444
2013-05-16,3,12.599
2013-05-16,4,10.5329
2013-05-16,5,8.383
2013-05-16,6,8.1063
2013-05-16,7,8.0174
2013-05-16,8,7.9723
2013-05-16,9,7.9523
2013-05-16,9.2,7.9491
2013-05-21,0.1,18.9194
2013-05-21,1,17.4362
2013-05-21,2,15.1035
2013-05-21,3,13.5105
2013-05-21,4,11.1806
2013-05-21,5,8.8232
2013-05-21,6,8.6623
2013-05-21,7,8.6405
2013-05-21,8,8.6389
2013-05-21,9,8.5793
2013-05-21,9.2,8.5808
2013-05-23,0.1,21.0439
2013-05-23,1,18.9733
2013-05-23,2,15.155
2013-05-23,3,13.0946
2013-05-23,4,9.7319
2013-05-23,5,8.7984
2013-05-23,6,8.7454
2013-05-23,7,8.7063
2013-05-23,8,8.6967
2013-05-23,9,8.6999
2013-05-23,9.2,8.6967
2013-05-30,0.1,22.1139
2013-05-30,1,20.1045
2013-05-30,2,17.4293
2013-05-30,3,14.3122
2013-05-30,4,10.4886
2013-05-30,5,9.3129
2013-05-30,6,9.2378
2013-05-30,7,9.2088
2013-05-30,8,9.1933
2013-05-30,9,9.1663
2013-05-30,9.2,9.1481
2013-06-04,0.1,23.6841
2013-06-04,1,22.9911
2013-06-04,2,18.5316
2013-06-04,3,14.8309
2013-06-04,4,10.9825
2013-06-04,5,9.5937
2013-06-04,6,9.5137
2013-06-04,7,9.4918
2013-06-04,8,9.4638
2013-06-04,9,9.4483
2013-06-04,9.2,9.4378
2013-06-06,0.1,21.9342
2013-06-06,1,22.1384
2013-06-06,2,19.1041
2013-06-06,3,14.7292
2013-06-06,4,10.6863
2013-06-06,5,9.6415
2013-06-06,6,9.6125
2013-06-06,7,9.5995
2013-06-06,8,9.587
2013-06-06,9,9.5774
2013-06-06,9.2,9.564
2013-06-13,0.1,23.6155
2013-06-13,1,21.2973
2013-06-13,2,17.8329
2013-06-13,3,15.0406
2013-06-13,4,11.1132
2013-06-13,5,9.9824
2013-06-13,6,9.9076
2013-06-13,7,9.899
2013-06-13,8,9.8665
2013-06-13,9,9.8544
2013-06-13,9.2,9.8544
2013-06-20,0.1,22.9495
2013-06-20,1,22.0662
2013-06-20,2,19.4899
2013-06-20,3,16.0306
2013-06-20,4,12.3289
2013-06-20,5,10.2437
2013-06-20,6,10.1438
2013-06-20,7,10.1072
2013-06-20,8,10.0617
2013-06-20,9,10.0393
2013-06-20,9.2,10.0393
2013-06-25,0.1,26.0938
2013-06-25,1,24.8265
2013-06-25,2,20.5779
2013-06-25,3,16.5833
2013-06-25,4,12.032
2013-06-25,5,10.3535
2013-06-25,6,10.2116
2013-06-25,7,10.1434
2013-06-25,8,10.064
2013-06-25,9,9.989
2013-06-25,9.2,9.946
2013-06-27,0.1,25.412
2013-06-27,1,24.645
2013-06-27,2,20.5132
2013-06-27,3,15.6251
2013-06-27,4,11.767
2013-06-27,5,10.3672
2013-06-27,6,10.1705
2013-06-27,7,10.1031
2013-06-27,8,10.0414
2013-06-27,9,9.9304
2013-06-27,9.2,9.9542
2013-07-03,0.1,24.0484
2013-07-03,1,23.3826
2013-07-03,2,20.933
2013-07-03,3,17.8627
2013-07-03,4,13.1795
2013-07-03,5,10.6886
2013-07-03,6,10.1828
2013-07-03,7,10.1177
2013-07-03,8,10.0321
2013-07-03,9,9.9384
2013-07-03,9.2,9.9194
2013-07-11,0.1,23.1061
2013-07-11,1,22.9678
2013-07-11,2,22.193
2013-07-11,3,20.4808
2013-07-11,4,18.5384
2013-07-11,5,13.3908
2013-07-11,6,12.1981
2013-07-11,7,10.6814
2013-07-11,8,10.4522
2013-07-11,9,10.304
2013-07-11,9.2,10.3089
2013-07-15,0.1,23.6396
2013-07-15,1,21.71
2013-07-15,2,19.6548
2013-07-15,3,18.5816
2013-07-15,4,16.7946
2013-07-15,5,12.8347
2013-07-15,6,11.4486
2013-07-15,7,10.9562
2013-07-15,8,10.6249
2013-07-15,9,10.3828
2013-07-15,9.2,10.3424
2013-07-18,0.1,26.7469
2013-07-18,1,24.09
2013-07-18,2,20.2772
2013-07-18,3,18.4522
2013-07-18,4,15.2251
2013-07-18,5,12.7367
2013-07-18,6,11.7618
2013-07-18,7,10.8921
2013-07-18,8,10.7223
2013-07-18,9,10.4812
2013-07-18,9.2,10.5038
2013-07-22,0.1,25.6721
2013-07-22,1,25.7582
2013-07-22,2,22.1224
2013-07-22,3,18.6909
2013-07-22,4,15.1236
2013-07-22,5,12.822
2013-07-22,6,11.3421
2013-07-22,7,10.726
2013-07-22,8,10.4698
2013-07-22,9,10.3509
2013-07-22,9.2,10.3509
2013-07-25,0.1,25.5124
2013-07-25,1,25.5099
2013-07-25,2,21.6997
2013-07-25,3,18.6965
2013-07-25,4,15.3726
2013-07-25,5,12.6316
2013-07-25,6,11.3559
2013-07-25,7,10.8254
2013-07-25,8,10.6168
2013-07-25,9,10.4625
2013-07-25,9.2,10.5104
2013-07-29,0.1,24.4282
2013-07-29,1,24.4394
2013-07-29,2,22.8287
2013-07-29,3,18.9286
2013-07-29,4,15.4791
2013-07-29,5,13.0373
2013-07-29,6,11.5471
2013-07-29,7,11.0436
2013-07-29,8,10.7226
2013-07-29,9,10.5122
2013-07-29,9.2,10.4464
2013-08-01,0.1,23.2921
2013-08-01,1,23.2441
2013-08-01,2,21.6745
2013-08-01,3,19.3149
2013-08-01,4,15.2983
2013-08-01,5,12.7248
2013-08-01,6,11.443
2013-08-01,7,11.0179
2013-08-01,8,10.7435
2013-08-01,9,10.5976
2013-08-01,9.2,10.5968
2013-08-08,0.1,23.5397
2013-08-08,1,23.3756
2013-08-08,2,22.2905
2013-08-08,3,20.0003
2013-08-08,4,16.1428
2013-08-08,5,12.3797
2013-08-08,6,11.6333
2013-08-08,7,11.5203
2013-08-08,8,11.2918
2013-08-08,9,11.2954
2013-08-08,9.2,11.2954
2013-08-12,0.1,27.0352
2013-08-12,1,27.0277
2013-08-12,8,13.0383
2013-08-12,9,12.4659
2013-08-12,9.2,12.4659
2013-08-28,0.1,23.7422
2013-08-28,1,23.7362
2013-08-28,2,21.7641
2013-08-28,3,18.8647
2013-08-28,4,14.6591
2013-08-28,5,12.4897
2013-08-28,6,12.3262
2013-08-28,7,12.2489
2013-08-28,8,12.2006
2013-08-28,9,12.1522
2013-08-28,9.2,12.1446
2013-09-18,0.1,20.3273
2013-09-18,1,20.3263
2013-09-18,2,20.3186
2013-09-18,3,20.2942
2013-09-18,4,15.9982
2013-09-18,5,13.1562
2013-09-18,6,12.9973
2013-09-18,7,12.9536
2013-09-18,8,12.9265
2013-09-18,9,12.9048
2013-09-18,9.2,12.8981
2013-09-25,0.1,19.4967
2013-09-25,1,19.4865
2013-09-25,2,19.4298
2013-09-25,3,18.8673
2013-09-25,4,15.5793
2013-09-25,5,13.3721
2013-09-25,6,13.2224
2013-09-25,7,13.1512
2013-09-25,8,13.1305
2013-09-25,9,13.1212
2013-09-25,9.2,13.0963
2013-10-16,0.1,17.5697
2013-10-16,1,17.5806
2013-10-16,2,17.5395
2013-10-16,3,17.3191
2013-10-16,4,16.7653
2013-10-16,5,14.0855
2013-10-16,6,13.2894
2013-10-16,7,13.2187
2013-10-16,8,13.2
2013-10-16,9,13.1806
2013-10-16,9.2,13.1762
2013-10-22,1,13.4
2013-10-22,8,12.4
2013-10-22,9,12.3
2013-10-22,9.2,12.3
2013-10-23,0.1,15.1589
2013-10-23,1,15.1606
2013-10-23,2,15.1611
2013-10-23,3,15.1535
2013-10-23,4,15.0865
2013-10-23,5,14.0126
2013-10-23,6,13.5906
2013-10-23,7,13.5597
2013-10-23,8,13.5415
2013-10-23,9,13.5333
2013-10-23,9.2,13.5315
2013-10-30,0.1,13.3158
2013-10-30,1,13.2477
2013-10-30,2,12.66
2013-10-30,3,12.5228
2013-10-30,4,12.4452
2013-10-30,5,12.4196
2013-10-30,6,12.4133
2013-10-30,7,12.4107
2013-10-30,8,12.4083
2013-10-30,9,12.4081
2013-10-30,9.2,12.4081
2013-11-06,0.1,12.0631
2013-11-06,1,12.0626
2013-11-06,2,11.9727
2013-11-06,3,11.9558
2013-11-06,4,11.9476
2013-11-06,5,11.9365
2013-11-06,6,11.9076
2013-11-06,7,11.8391
2013-11-06,8,11.8091
2013-11-06,9,11.7609
2013-11-06,9.2,11.7562
2013-11-20,0.1,8.593
2013-11-20,1,8.5959
2013-11-20,2,8.5757
2013-11-20,3,8.5705
2013-11-20,4,8.5689
2013-11-20,5,8.567
2013-11-20,6,8.5592
2013-11-20,7,8.5613
2013-11-20,8,8.5236
2013-11-20,9,8.4923
2013-11-20,9.2,8.4852
2013-12-04,0.1,5.0276
2013-12-04,1,4.9758
2013-12-04,2,4.8995
2013-12-04,3,4.8545
2013-12-04,4,4.7706
2013-12-04,5,4.5966
2013-12-04,6,4.5889
2013-12-04,7,4.583
2013-12-04,8,4.5796
2013-12-04,9,4.5798
2013-12-04,9.2,4.5802
2014-05-05,0.1,16.9798
2014-05-05,1,15.3713
2014-05-05,2,13.857
2014-05-05,3,12.257
2014-05-05,4,10.2151
2014-05-05,5,9.0168
2014-05-05,6,8.2895
2014-05-05,7,7.9926
2014-05-05,8,7.8383
2014-05-05,9,7.6969
2014-05-05,9.2,7.6701
2014-05-06,0.1,16.4702
2014-05-06,1,14.8694
2014-05-06,2,13.8676
2014-05-06,3,11.9106
2014-05-06,4,10.061
2014-05-06,5,8.7439
2014-05-06,6,8.3658
2014-05-06,7,8.0834
2014-05-06,8,7.7931
2014-05-06,9,7.6712
2014-05-06,9.2,7.7472
2014-05-07,0.1,17.578
2014-05-07,1,15.5915
2014-05-07,2,14.1978
2014-05-07,3,12.5523
2014-05-07,4,11.2282
2014-05-07,5,9.3939
2014-05-07,6,8.3528
2014-05-07,7,8.2139
2014-05-07,8,8.1798
2014-05-07,9,8.1796
2014-05-07,9.2,8.1677
2014-05-08,0.1,20.2692
2014-05-08,1,16.9945
2014-05-08,2,14.6551
2014-05-08,3,13.0853
2014-05-08,4,11.3356
2014-05-08,5,9.5826
2014-05-08,6,8.412
2014-05-08,7,8.3715
2014-05-08,8,8.3421
2014-05-08,9,8.3311
2014-05-08,9.2,8.3291
2014-05-09,0.1,20.4072
2014-05-09,1,16.8538
2014-05-09,2,14.6181
2014-05-09,3,12.7269
2014-05-09,4,10.8044
2014-05-09,5,8.9328
2014-05-09,6,8.4863
2014-05-09,7,8.4418
2014-05-09,8,8.4275
2014-05-09,9,8.4173
2014-05-09,9.2,8.4154
2014-05-10,0.1,20.6814
2014-05-10,1,17.6781
2014-05-10,2,15.0968
2014-05-10,3,12.8022
2014-05-10,4,10.6467
2014-05-10,5,8.7868
2014-05-10,6,8.6001
2014-05-10,7,8.5868
2014-05-10,8,8.5724
2014-05-10,9,8.544
2014-05-10,9.2,8.5508
2014-05-12,0.1,20.5112
2014-05-12,1,17.685
2014-05-12,2,15.4556
2014-05-12,3,13.1122
2014-05-12,4,11.204
2014-05-12,5,9.1706
2014-05-12,6,8.747
2014-05-12,7,8.7242
2014-05-12,8,8.7095
2014-05-12,9,8.6937
2014-05-12,9.2,8.6912
2014-05-14,0.1,20.4878
2014-05-14,1,18.1739
2014-05-14,2,15.9497
2014-05-14,3,13.7136
2014-05-14,4,11.1175
2014-05-14,5,8.9744
2014-05-14,6,8.8873
2014-05-14,7,8.8519
2014-05-14,8,8.8401
2014-05-14,9,8.8261
2014-05-14,9.2,8.8245
2014-05-15,0.1,20.4304
2014-05-15,1,18.1752
2014-05-15,2,16.2603
2014-05-15,3,14.0243
2014-05-15,4,11.0611
2014-05-15,5,9.101
2014-05-15,6,8.9439
2014-05-15,7,8.9255
2014-05-15,8,8.9076
2014-05-15,9,8.896
2014-05-15,9.2,8.891
2014-05-19,0.1,17.4641
2014-05-19,1,16.8225
2014-05-19,2,15.5635
2014-05-19,3,13.6437
2014-05-19,4,11.3787
2014-05-19,5,9.4125
2014-05-19,6,9.1863
2014-05-19,7,9.1667
2014-05-19,8,9.1464
2014-05-19,9,9.1357
2014-05-19,9.2,9.1362
2014-05-22,0.1,20.0705
2014-05-22,1,18.413
2014-05-22,2,16.3739
2014-05-22,3,14.0402
2014-05-22,4,11.4297
2014-05-22,5,9.3961
2014-05-22,6,9.3573
2014-05-22,7,9.3375
2014-05-22,8,9.3147
2014-05-22,9,9.3057
2014-05-22,9.2,9.3009
2014-05-26,0.1,21.4702
2014-05-26,1,19.9368
2014-05-26,2,16.8056
2014-05-26,3,14.5887
2014-05-26,4,11.3038
2014-05-26,5,9.5851
2014-05-26,6,9.5509
2014-05-26,7,9.585
2014-05-26,8,9.5119
2014-05-26,9,9.4783
2014-05-26,9.2,9.5098
2014-05-28,0.1,23.4184
2014-05-28,4,11.8327
2014-05-28,5,9.6812
2014-05-28,7,9.6021
2014-05-28,8,9.5931
2014-05-28,9,9.5671
2014-06-02,0.1,21.6818
2014-06-02,1,19.962
2014-06-02,2,18.4124
2014-06-02,3,15.1281
2014-06-02,4,11.1281
2014-06-02,5,9.8953
2014-06-02,6,9.8593
2014-06-02,7,9.8423
2014-06-02,8,9.8239
2014-06-02,9,9.8116
2014-06-02,9.2,9.811
2014-06-03,0.1,22.2024
2014-06-03,1,20.4293
2014-06-03,2,18.4713
2014-06-03,3,15.25
2014-06-03,4,11.6275
2014-06-03,5,9.9386
2014-06-03,6,9.9137
2014-06-03,7,9.8791
2014-06-03,8,9.8363
2014-06-03,9,9.8057
2014-06-03,9.2,9.8437
2014-06-04,0.1,22.5374
2014-06-04,1,21.3108
2014-06-04,2,18.671
2014-06-04,3,14.5405
2014-06-04,4,12.0121
2014-06-04,5,10.1352
2014-06-04,6,9.8751
2014-06-04,7,9.846
2014-06-04,8,9.7915
2014-06-04,9,9.733
2014-06-04,9.2,9.7124
2014-06-05,0.1,21.8775
2014-06-05,1,20.9391
2014-06-05,2,18.4131
2014-06-05,3,14.8614
2014-06-05,4,11.4549
2014-06-05,5,9.9408
2014-06-05,6,9.8436
2014-06-05,7,9.8056
2014-06-05,8,9.7567
2014-06-05,9,9.6823
2014-06-05,9.2,9.6694
2014-06-06,0.1,21.8883
2014-06-06,1,21.4176
2014-06-06,2,18.6724
2014-06-06,3,15.4424
2014-06-06,4,11.1434
2014-06-06,5,9.9415
2014-06-06,6,9.8421
2014-06-06,7,9.8007
2014-06-06,8,9.7569
2014-06-06,9,9.6448
2014-06-06,9.2,9.6361
2014-06-09,0.1,22.9926
2014-06-09,1,22.2401
2014-06-09,2,19.2528
2014-06-09,3,14.527
2014-06-09,4,11.5968
2014-06-09,5,10.2166
2014-06-09,6,9.8998
2014-06-09,7,9.8204
2014-06-09,8,9.7775
2014-06-09,9,9.6145
2014-06-09,9.2,9.5937
2014-06-12,0.1,23.5599
2014-06-12,1,21.8129
2014-06-12,2,20.1252
2014-06-12,3,15.3844
2014-06-12,4,12.1125
2014-06-12,5,10.4292
2014-06-12,6,9.9623
2014-06-12,7,9.8409
2014-06-12,8,9.7474
2014-06-12,9,9.6457
2014-06-12,9.2,9.6362
2014-06-16,0.1,24.1882
2014-06-16,1,22.8787
2014-06-16,2,20.4868
2014-06-16,3,16.9119
2014-06-16,4,12.2099
2014-06-16,5,10.4825
2014-06-16,6,10.1081
2014-06-16,7,9.896
2014-06-16,8,9.8184
2014-06-16,9,9.6232
2014-06-16,9.2,9.5917
2014-06-19,0.1,25.7921
2014-06-19,1,24.0161
2014-06-19,2,21.7379
2014-06-19,3,16.9067
2014-06-19,4,13.1023
2014-06-19,5,10.8473
2014-06-19,6,10.1856
2014-06-19,7,9.9445
2014-06-19,8,9.911
2014-06-19,9,9.6878
2014-06-19,9.2,9.6505
2014-06-23,0.1,24.9734
2014-06-23,1,24.0891
2014-06-23,2,21.7389
2014-06-23,3,17.4699
2014-06-23,4,12.7206
2014-06-23,5,10.8033
2014-06-23,6,10.2164
2014-06-23,7,9.9659
2014-06-23,8,9.8904
2014-06-23,9,9.6975
2014-06-23,9.2,9.6639
2014-06-25,0.1,25.306
2014-06-25,1,24.8583
2014-06-25,2,22.2197
2014-06-25,3,17.1732
2014-06-25,4,12.7178
2014-06-25,5,11.0692
2014-06-25,6,10.2903
2014-06-25,7,9.9399
2014-06-25,8,9.8537
2014-06-25,9,9.6781
2014-06-25,9.2,9.6565
2014-06-29,0.1,25.5807
2014-06-29,1,24.8403
2014-06-29,2,23.0611
2014-06-29,3,18.5052
2014-06-29,4,13.6903
2014-06-29,5,11.2114
2014-06-29,6,10.4812
2014-06-29,7,9.941
2014-06-29,8,9.9971
2014-06-29,9,9.9393
2014-06-29,9.2,9.836
2014-06-30,0.1,24.6683
2014-06-30,1,24.2948
2014-06-30,2,23.0278
2014-06-30,3,18.3777
2014-06-30,4,13.4536
2014-06-30,5,10.9813
2014-06-30,6,10.1532
2014-06-30,7,10.1185
2014-06-30,8,10.1231
2014-06-30,9,10.0784
2014-06-30,9.2,10.0777
2014-07-01,0.1,25.9951
2014-07-01,1,24.8722
2014-07-01,2,23.1896
2014-07-01,3,18.0613
2014-07-01,4,13.2998
2014-07-01,5,11.238
2014-07-01,6,10.2754
2014-07-01,7,10.2245
2014-07-01,8,10.2141
2014-07-01,9,10.2118
2014-07-01,9.2,10.1967
2014-07-02,0.1,26.5658
2014-07-02,1,25.667
2014-07-02,2,23.4628
2014-07-02,3,18.1279
2014-07-02,4,13.4343
2014-07-02,5,11.0682
2014-07-02,6,10.3164
2014-07-02,7,10.2837
2014-07-02,8,10.2836
2014-07-02,9,10.2657
2014-07-02,9.2,10.2444
2014-07-07,0.1,24.5992
2014-07-07,1,24.3004
2014-07-07,2,23.0728
2014-07-07,3,18.9141
2014-07-07,4,14.6987
2014-07-07,5,10.7348
2014-07-07,6,10.5367
2014-07-07,7,10.5056
2014-07-07,8,10.4864
2014-07-07,9,10.4811
2014-07-07,9.2,10.479
2014-07-09,0.1,25.3279
2014-07-09,1,24.8063
2014-07-09,2,23.7004
2014-07-09,3,19.18
2014-07-09,4,14.8708
2014-07-09,5,10.7714
2014-07-09,6,10.6322
2014-07-09,7,10.6217
2014-07-09,8,10.6066
2014-07-09,9,10.585
2014-07-09,9.2,10.5796
2014-07-14,0.1,26.6282
2014-07-14,1,25.6012
2014-07-14,2,24.1009
2014-07-14,3,20.2447
2014-07-14,4,14.3369
2014-07-14,5,11.591
2014-07-14,6,10.8712
2014-07-14,7,10.8242
2014-07-14,8,10.7978
2014-07-14,9,10.7946
2014-07-14,9.2,10.7925
2014-07-16,0.1,25.6007
2014-07-16,1,25.58
2014-07-16,2,25.4506
2014-07-16,3,20.5508
2014-07-16,4,14.6335
2014-07-16,5,11.599
2014-07-16,6,10.9349
2014-07-16,7,10.8864
2014-07-16,8,10.8697
2014-07-16,9,10.8603
2014-07-16,9.2,10.8572
2014-07-21,0.1,24.0229
2014-07-21,1,23.9154
2014-07-21,2,23.4849
2014-07-21,3,20.2944
2014-07-21,4,15.376
2014-07-21,5,11.7065
2014-07-21,6,11.0502
2014-07-21,7,11.0002
2014-07-21,8,10.9968
2014-07-21,9,10.9852
2014-07-21,9.2,10.9844
2014-07-23,0.1,25.0366
2014-07-23,1,24.7624
2014-07-23,2,23.6971
2014-07-23,3,20.6385
2014-07-23,4,15.6776
2014-07-23,5,11.4528
2014-07-23,6,11.1168
2014-07-23,7,11.1048
2014-07-23,8,11.0669
2014-07-23,9,11.05
2014-07-23,9.2,11.047
2014-07-28,0.1,24.9737
2014-07-28,1,24.945
2014-07-28,2,23.7343
2014-07-28,3,21.1054
2014-07-28,4,15.5827
2014-07-28,5,11.4942
2014-07-28,6,11.2606
2014-07-28,7,11.2417
2014-07-28,8,11.2238
2014-07-28,9,11.2093
2014-07-28,9.2,11.2085
2014-07-30,0.1,23.8457
2014-07-30,1,23.626
2014-07-30,2,23.4296
2014-07-30,3,20.8442
2014-07-30,4,15.6873
2014-07-30,5,11.9023
2014-07-30,6,11.3131
2014-07-30,7,11.2919
2014-07-30,8,11.2678
2014-07-30,9,11.2622
2014-07-30,9.2,11.2606
2014-08-02,0.1,23.1517
2014-08-02,1,23.1282
2014-08-02,2,22.9891
2014-08-02,3,21.0213
2014-08-02,4,15.9013
2014-08-02,5,11.9154
2014-08-02,6,11.3714
2014-08-02,7,11.3413
2014-08-02,8,11.3046
2014-08-02,9,11.2052
2014-08-02,9.2,11.2049
2014-08-04,0.1,23.715
2014-08-04,1,23.3929
2014-08-04,2,22.7922
2014-08-04,3,21.4666
2014-08-04,4,16.412
2014-08-04,5,12.3036
2014-08-04,6,11.3729
2014-08-04,7,11.2912
2014-08-04,8,11.2592
2014-08-04,9,11.1576
2014-08-04,9.2,11.123
2014-08-06,0.1,24.2232
2014-08-06,1,23.8384
2014-08-06,2,22.9562
2014-08-06,3,20.9965
2014-08-06,4,16.7666
2014-08-06,5,12.4207
2014-08-06,6,11.382
2014-08-06,7,11.2927
2014-08-06,8,11.2675
2014-08-06,9,11.1408
2014-08-06,9.2,11.094
2014-08-09,0.1,23.2407
2014-08-09,1,23.2506
2014-08-09,2,23.1248
2014-08-09,3,21.6469
2014-08-09,4,17.3031
2014-08-09,5,12.5878
2014-08-09,6,11.4247
2014-08-09,7,11.2802
2014-08-09,8,11.2266
2014-08-09,9,11.22
2014-08-09,9.2,11.138
2014-08-10,0.1,22.5459
2014-08-10,1,22.3999
2014-08-10,2,22.1195
2014-08-10,3,21.376
2014-08-10,4,17.0954
2014-08-10,5,12.3601
2014-08-10,6,11.4393
2014-08-10,7,11.2139
2014-08-10,8,11.1686
2014-08-10,9,11.1845
2014-08-10,9.2,11.0945
2014-08-11,0.1,22.3619
2014-08-11,1,22.2812
2014-08-11,2,21.9144
2014-08-11,3,21.1182
2014-08-11,4,16.7729
2014-08-11,5,12.7898
2014-08-11,6,11.4874
2014-08-11,7,11.2568
2014-08-11,8,11.2073
2014-08-11,9,11.1679
2014-08-11,9.2,11.1386
2014-08-13,0.1,22.5351
2014-08-13,1,22.5154
2014-08-13,2,21.8728
2014-08-13,3,21.1172
2014-08-13,4,17.6401
2014-08-13,5,12.5698
2014-08-13,6,11.3874
2014-08-13,7,11.2404
2014-08-13,8,11.1985
2014-08-13,9,11.2098
2014-08-13,9.2,11.1824
2014-08-18,0.1,23.205
2014-08-18,1,22.5314
2014-08-18,2,21.8151
2014-08-18,3,20.3959
2014-08-18,4,16.787
2014-08-18,5,12.6563
2014-08-18,6,11.6079
2014-08-18,7,11.2345
2014-08-18,8,11.1806
2014-08-18,9,11.1879
2014-08-18,9.2,11.0576
2014-08-19,0.1,22.7996
2014-08-19,1,22.6387
2014-08-19,2,21.5589
2014-08-19,3,20.4787
2014-08-19,4,16.3788
2014-08-19,5,12.4859
2014-08-19,6,11.4637
2014-08-19,7,11.2653
2014-08-19,8,11.2312
2014-08-19,9,11.2225
2014-08-19,9.2,11.2224
2014-08-21,0.1,24.1502
2014-08-21,1,23.4109
2014-08-21,2,22.3648
2014-08-21,3,20.5014
2014-08-21,4,16.6868
2014-08-21,5,13.0184
2014-08-21,6,11.4637
2014-08-21,7,11.4283
2014-08-21,8,11.4128
2014-08-21,9,11.3992
2014-08-21,9.2,11.3992
2014-08-25,0.1,23.6362
2014-08-25,1,23.0097
2014-08-25,2,22.0642
2014-08-25,3,20.6277
2014-08-25,4,17.4005
2014-08-25,5,12.8215
2014-08-25,6,11.6481
2014-08-25,7,11.6363
2014-08-25,8,11.6063
2014-08-25,9,11.5961
2014-08-25,9.2,11.598
2014-09-03,0.1,26.5518
2014-09-03,1,25.8134
2014-09-03,2,23.7207
2014-09-03,3,21.2659
2014-09-03,4,17.3869
2014-09-03,5,13.4223
2014-09-03,6,12.0677
2014-09-03,7,12.0063
2014-09-03,8,11.9853
2014-09-03,9,11.9711
2014-09-03,9.2,11.9703
2014-09-08,0.1,24.0448
2014-09-08,1,24.0478
2014-09-08,2,24.0236
2014-09-08,3,21.6009
2014-09-08,4,17.7936
2014-09-08,5,13.0114
2014-09-08,6,12.185
2014-09-08,7,12.1622
2014-09-08,8,12.1476
2014-09-08,9,12.1371
2014-09-08,9.2,12.1339
2014-09-15,0.1,21.6138
2014-09-15,1,21.4982
2014-09-15,2,21.422
2014-09-15,3,21.3564
2014-09-15,4,19.1828
2014-09-15,5,15.2656
2014-09-15,6,12.4114
2014-09-15,7,12.39
2014-09-15,8,12.3777
2014-09-15,9,12.3693
2014-09-15,9.2,12.367
2014-09-22,0.1,21.1751
2014-09-22,1,21.1675
2014-09-22,2,21.1474
2014-09-22,3,20.947
2014-09-22,4,20.0719
2014-09-22,5,15.5503
2014-09-22,6,12.8819
2014-09-22,7,12.711
2014-09-22,8,12.7064
2014-09-22,9,12.6842
2014-09-22,9.2,12.6822
2014-09-29,0.1,19.9163
2014-09-29,1,19.8779
2014-09-29,2,19.4162
2014-09-29,3,19.1858
2014-09-29,4,18.7279
2014-09-29,5,15.9818
2014-09-29,6,13.0227
2014-09-29,7,12.9868
2014-09-29,8,12.9778
2014-09-29,9,12.9717
2014-09-29,9.2,12.9724
2014-10-04,0.1,20.2158
2014-10-04,1,20.2138
2014-10-04,2,19.9633
2014-10-04,3,19.295
2014-10-04,4,18.4873
2014-10-04,5,16.1968
2014-10-04,6,13.2392
2014-10-04,7,13.1856
2014-10-04,8,13.1779
2014-10-04,9,13.1647
2014-10-04,9.2,13.1617
2014-10-15,0.1,17.6674
2014-10-15,1,17.6115
2014-10-15,2,17.6074
2014-10-15,3,17.0363
2014-10-15,4,16.5926
2014-10-15,5,16.241
2014-10-15,6,13.6093
2014-10-15,7,13.5518
2014-10-15,8,13.5373
2014-10-15,9,13.5347
2014-10-15,9.2,13.5339
2014-10-23,0.1,14.2302
2014-10-23,1,14.2266
2014-10-23,2,14.2231
2014-10-23,3,14.2213
2014-10-23,4,14.2216
2014-10-23,5,14.2197
2014-10-23,6,14.2238
2014-10-23,7,14.231
2014-10-23,8,14.2323
2014-10-23,9,14.228
2014-10-23,9.2,14.228
2014-11-10,0.1,10.4709
2014-11-10,1,10.3537
2014-11-10,2,10.3263
2014-11-10,3,10.3145
2014-11-10,4,10.3037
2014-11-10,5,10.2926
2014-11-10,6,10.2838
2014-11-10,7,10.2818
2014-11-10,8,10.2738
2014-11-10,9,10.2676
2014-11-10,9.2,10.2683
2014-12-10,0.1,5.3478
2014-12-10,1,5.3463
2014-12-10,2,5.3491
2014-12-10,3,5.3418
2014-12-10,4,5.3259
2014-12-10,5,5.3134
2014-12-10,6,5.3071
2014-12-10,7,5.3089
2014-12-10,8,5.3049
2014-12-10,9,5.3158
2014-12-10,9.2,5.3132
2015-02-05,1,1.6
2015-02-05,2,1.6
2015-02-05,3,1.7
2015-03-16,0.1,6.3766
2015-03-16,1,6.2508
2015-03-16,2,6.0425
2015-03-16,3,5.7714
2015-03-16,4,5.7395
2015-03-16,5,5.6813
2015-03-16,6,5.4842
2015-03-16,7,5.1612
2015-03-16,8,4.3027
2015-03-16,9,4.169
2015-03-16,9.2,4.169
2015-03-31,0.1,9.1399
2015-03-31,1,8.9267
2015-03-31,2,8.1478
2015-03-31,3,7.582
2015-03-31,4,7.2402
2015-03-31,5,6.9913
2015-03-31,6,6.7038
2015-03-31,7,6.313
2015-03-31,8,6.0283
2015-03-31,9,5.8218
2015-03-31,9.2,5.806
2015-04-07,0.1,13.7867
2015-04-07,1,12.9994
2015-04-07,2,11.8013
2015-04-07,3,10.8773
2015-04-07,4,8.6521
2015-04-07,5,7.3463
2015-04-07,6,6.8723
2015-04-07,7,6.6867
2015-04-07,8,6.5929
2015-04-07,9,6.424
2015-04-07,9.2,6.3577
2015-04-13,0.1,15.5058
2015-04-13,1,14.1431
2015-04-13,2,13.4438
2015-04-13,3,11.6347
2015-04-13,4,9.3562
2015-04-13,5,7.9887
2015-04-13,6,7.2963
2015-04-13,7,7.009
2015-04-13,8,6.8599
2015-04-13,9,6.6993
2015-04-13,9.2,6.6805
2015-04-16,0.1,15.006
2015-04-16,1,15.0146
2015-04-16,2,13.6213
2015-04-16,3,11.5242
2015-04-16,4,9.0676
2015-04-16,5,7.7892
2015-04-16,6,7.2503
2015-04-16,7,7.0295
2015-04-16,8,6.9099
2015-04-16,9,6.8283
2015-04-16,9.2,6.8283
2015-04-19,0.1,17.9326
2015-04-19,1,17.9347
2015-04-19,2,14.2576
2015-04-19,3,11.6143
2015-04-19,4,8.983
2015-04-19,5,7.8488
2015-04-19,6,7.2937
2015-04-19,7,7.0498
2015-04-19,8,7.002
2015-04-19,9,6.7975
2015-04-19,9.2,6.7495
2015-04-21,0.1,16.1538
2015-04-21,1,14.6724
2015-04-21,2,13.2284
2015-04-21,3,12.1578
2015-04-21,4,9.5456
2015-04-21,5,8.2567
2015-04-21,6,7.5702
2015-04-21,7,7.2287
2015-04-21,8,7.004
2015-04-21,9,6.9025
2015-04-21,9.2,6.9045
2015-04-25,0.1,13.9891
2015-04-25,1,13.9945
2015-04-25,2,13.3036
2015-04-25,3,11.867
2015-04-25,4,9.1676
2015-04-25,5,7.8602
2015-04-25,6,7.5381
2015-04-25,7,7.3925
2015-04-25,8,7.3037
2015-04-25,9,7.1885
2015-04-25,9.2,7.1066
2015-04-28,0.1,13.8359
2015-04-28,1,13.7561
2015-04-28,2,12.7292
2015-04-28,3,12.3903
2015-04-28,4,9.2866
2015-04-28,5,8.3387
2015-04-28,6,7.8581
2015-04-28,7,7.4284
2015-04-28,8,7.235
2015-04-28,9,7.1426
2015-04-28,9.2,7.0962
2015-05-01,0.1,14.6183
2015-05-01,1,14.6115
2015-05-01,2,14.5858
2015-05-01,3,12.0927
2015-05-01,4,9.7913
2015-05-01,5,8.5944
2015-05-01,6,7.9847
2015-05-01,7,7.5542
2015-05-01,8,7.3516
2015-05-01,9,7.2225
2015-05-01,9.2,7.2312
2015-05-05,0.1,18.0305
2015-05-05,1,18.0908
2015-05-05,2,15.4558
2015-05-05,3,11.6667
2015-05-05,4,10.9235
2015-05-05,5,9.5866
2015-05-05,6,7.841
2015-05-05,7,7.602
2015-05-05,8,7.5436
2015-05-05,9,7.5286
2015-05-05,9.2,7.5785
2015-05-07,0.1,19.6856
2015-05-07,1,18.3285
2015-05-07,2,14.4324
2015-05-07,3,12.2139
2015-05-07,4,10.5675
2015-05-07,5,8.7105
2015-05-07,6,7.9544
2015-05-07,7,7.8967
2015-05-07,8,7.8814
2015-05-07,9,7.866
2015-05-07,9.2,7.8678
2015-05-11,0.1,23.4025
2015-05-11,1,21.138
2015-05-11,2,16.0119
2015-05-11,3,12.9514
2015-05-11,4,10.5483
2015-05-11,5,8.6924
2015-05-11,6,8.2567
2015-05-11,7,8.2166
2015-05-11,8,8.1925
2015-05-11,9,8.1728
2015-05-11,9.2,8.1699
2015-05-14,0.1,20.3668
2015-05-14,1,19.9821
2015-05-14,2,17.5174
2015-05-14,3,13.7501
2015-05-14,4,10.8853
2015-05-14,5,8.7815
2015-05-14,6,8.4427
2015-05-14,7,8.4057
2015-05-14,8,8.3912
2015-05-14,9,8.383
2015-05-14,9.2,8.3808
2015-05-18,0.1,23.4154
2015-05-18,1,23.1876
2015-05-18,2,18.892
2015-05-18,3,14.0859
2015-05-18,4,10.7512
2015-05-18,5,8.6815
2015-05-18,6,8.6385
2015-05-18,7,8.6178
2015-05-18,8,8.5913
2015-05-18,9,8.5828
2015-05-18,9.2,8.5798
2015-05-21,0.1,21.5489
2015-05-21,1,21.575
2015-05-21,2,18.4196
2015-05-21,3,14.1265
2015-05-21,4,11.0289
2015-05-21,5,8.9309
2015-05-21,6,8.8144
2015-05-21,7,8.7816
2015-05-21,8,8.7522
2015-05-21,9,8.7436
2015-05-21,9.2,8.741
2015-05-25,0.1,20.5473
2015-05-25,1,20.1069
2015-05-25,2,18.4649
2015-05-25,3,15.4886
2015-05-25,4,11.9891
2015-05-25,5,9.0654
2015-05-25,6,8.9715
2015-05-25,7,8.9554
2015-05-25,8,8.9469
2015-05-25,9,8.9375
2015-05-25,9.2,8.9348
2015-05-28,0.1,25.3744
2015-05-28,1,23.88
2015-05-28,2,19.2352
2015-05-28,3,16.04
2015-05-28,4,11.9043
2015-05-28,5,9.2406
2015-05-28,6,9.1861
2015-05-28,7,9.1551
2015-05-28,8,9.1278
2015-05-28,9,9.1083
2015-05-28,9.2,9.1069
2015-06-01,0.1,25.5
2015-06-01,1,25.1
2015-06-01,2,24.5
2015-06-01,3,20.5
2015-06-01,4,17.1
2015-06-01,5,12.4
2015-06-01,6,9.6
2015-06-01,8,9.1
2015-06-01,9,9.1
2015-06-01,9.2,9.1
2015-06-08,0.1,23.1557
2015-06-08,1,22.6485
2015-06-08,2,20.8073
2015-06-08,3,17.9268
2015-06-08,4,14.6879
2015-06-08,5,13.2461
2015-06-08,6,9.9414
2015-06-08,7,9.2302
2015-06-08,8,9.1505
2015-06-08,9,8.9974
2015-06-08,9.2,8.9693
2015-06-11,0.1,25.2279
2015-06-11,1,23.6873
2015-06-11,2,20.706
2015-06-11,3,18.2882
2015-06-11,4,15.216
2015-06-11,5,13.0911
2015-06-11,6,9.7416
2015-06-11,7,9.634
2015-06-11,8,9.6053
2015-06-11,9,9.5833
2015-06-11,9.2,9.5815
2015-06-15,0.1,27.3688
2015-06-15,1,25.442
2015-06-15,2,22.6507
2015-06-15,3,18.398
2015-06-15,4,15.4718
2015-06-15,5,12.4846
2015-06-15,6,10.0578
2015-06-15,7,9.9754
2015-06-15,8,9.9481
2015-06-15,9,9.9339
2015-06-15,9.2,9.931
2015-06-22,0.1,26.9725
2015-06-22,1,26.6573
2015-06-22,2,24.5554
2015-06-22,3,19.5225
2015-06-22,5,12.5059
2015-06-22,6,10.4231
2015-06-22,7,10.359
2015-06-22,8,10.3389
2015-06-22,9,10.3299
2015-06-22,9.2,10.3283
2015-06-23,0.1,27.1195
2015-06-23,1,25.8763
2015-06-23,2,23.1986
2015-06-23,3,20.6402
2015-06-23,4,18.12
2015-06-23,5,16.0109
2015-06-23,6,11.1995
2015-06-23,7,10.5085
2015-06-23,8,10.4308
2015-06-23,9,10.4186
2015-06-23,9.2,10.4135
2015-06-29,0.1,24.361
2015-06-29,1,24.2835
2015-06-29,2,23.8444
2015-06-29,3,22.0083
2015-06-29,4,20.1259
2015-06-29,5,18.1541
2015-06-29,6,12.0084
2015-06-29,7,11.5953
2015-06-29,8,11.5523
2015-06-29,9,11.5338
2015-06-29,9.2,11.5326
2015-07-02,0.1,25.2884
2015-07-02,1,24.5847
2015-07-02,2,23.8527
2015-07-02,3,22.1324
2015-07-02,4,19.8627
2015-07-02,5,17.5585
2015-07-02,6,12.2218
2015-07-02,7,12.0574
2015-07-02,8,11.9531
2015-07-02,9,11.9327
2015-07-02,9.2,11.9295
2015-07-06,0.1,24.1157
2015-07-06,1,23.8343
2015-07-06,2,23.4786
2015-07-06,3,22.0927
2015-07-06,4,19.714
2015-07-06,5,17.5687
2015-07-06,6,12.4233
2015-07-06,7,12.3225
2015-07-06,8,12.2903
2015-07-06,9,12.2791
2015-07-06,9.2,12.2758
2015-07-09,0.1,25.7279
2015-07-09,1,24.4897
2015-07-09,2,23.2125
2015-07-09,3,22.2538
2015-07-09,4,19.9116
2015-07-09,5,16.8599
2015-07-09,6,12.6009
2015-07-09,7,12.5591
2015-07-09,8,12.5292
2015-07-09,9,12.5151
2015-07-09,9.2,12.5128
2015-07-13,0.1,25.6647
2015-07-13,1,24.9101
2015-07-13,2,23.067
2015-07-13,3,21.915
2015-07-13,4,19.6658
2015-07-13,5,16.5739
2015-07-13,6,12.9292
2015-07-13,7,12.8467
2015-07-13,8,12.8127
2015-07-13,9,12.8081
2015-07-13,9.2,12.7989
2015-07-16,0.1,25.4669
2015-07-16,1,24.9986
2015-07-16,2,23.4325
2015-07-16,3,22.0195
2015-07-16,4,19.5387
2015-07-16,5,16.4557
2015-07-16,6,13.0714
2015-07-16,7,13.0175
2015-07-16,8,12.9996
2015-07-16,9,12.9754
2015-07-16,9.2,12.9741
2015-07-20,0.1,27.7454
2015-07-20,1,26.2839
2015-07-20,2,24.8243
2015-07-20,3,22.0171
2015-07-20,4,19.0411
2015-07-20,5,15.0771
2015-07-20,6,13.2115
2015-07-20,7,13.1914
2015-07-20,8,13.1575
2015-07-20,9,13.128
2015-07-20,9.2,13.1138
2015-07-23,0.1,27.0146
2015-07-23,1,26.8375
2015-07-23,2,25.6984
2015-07-23,3,22.5824
2015-07-23,4,18.9032
2015-07-23,5,15.2464
2015-07-23,6,13.4136
2015-07-23,7,13.3434
2015-07-23,8,13.314
2015-07-23,9,13.292
2015-07-23,9.2,13.2792
2015-07-27,0.1,27.3527
2015-07-27,1,27.2539
2015-07-27,2,26.3254
2015-07-27,3,23.8319
2015-07-27,4,19.6002
2015-07-27,5,15.949
2015-07-27,6,13.5798
2015-07-27,7,13.5256
2015-07-27,8,13.5064
2015-07-27,9,13.4908
2015-07-27,9.2,13.4781
2015-07-30,0.1,28.7504
2015-07-30,1,28.0837
2015-07-30,2,26.7282
2015-07-30,3,24.0376
2015-07-30,4,19.6097
2015-07-30,5,15.7716
2015-07-30,6,13.6524
2015-07-30,7,13.6066
2015-07-30,8,13.5523
2015-07-30,9,13.5297
2015-07-30,9.2,13.5328
2015-08-03,0.1,26.2449
2015-08-03,1,26.0258
2015-08-03,2,25.9416
2015-08-03,3,24.1469
2015-08-03,4,19.9496
2015-08-03,5,15.2809
2015-08-03,6,13.6597
2015-08-03,7,13.6207
2015-08-03,8,13.6067
2015-08-03,9,13.5846
2015-08-03,9.2,13.5803
2015-08-08,0.1,25.5987
2015-08-08,1,25.6128
2015-08-08,2,25.614
2015-08-08,3,23.9849
2015-08-08,4,20.0862
2015-08-08,5,15.6234
2015-08-08,6,13.6922
2015-08-08,7,13.665
2015-08-08,8,13.6354
2015-08-08,9,13.6811
2015-08-08,9.2,13.6811
2015-08-31,0.1,24.4161
2015-08-31,1,24.4161
2015-08-31,2,24.2537
2015-08-31,3,23.724
2015-08-31,4,22.2143
2015-08-31,5,17.9643
2015-08-31,6,14.2548
2015-08-31,7,14.0823
2015-08-31,8,14.05
2015-08-31,9,14.0406
2015-08-31,9.2,14.0364
2015-09-07,0.1,25.1068
2015-09-07,1,25.0544
2015-09-07,2,24.7518
2015-09-07,3,24.1305
2015-09-07,4,22.177
2015-09-07,5,18.9192
2015-09-07,6,14.9136
2015-09-07,7,14.2664
2015-09-07,8,14.2332
2015-09-07,9,14.2204
2015-09-07,9.2,14.212
2015-09-14,0.1,22.8237
2015-09-14,1,22.7473
2015-09-14,2,22.4429
2015-09-14,3,22.2782
2015-09-14,4,22.0782
2015-09-14,5,18.8977
2015-09-14,6,15.2991
2015-09-14,7,14.4002
2015-09-14,8,14.37
2015-09-14,9,14.3589
2015-09-14,9.2,14.3569
2015-09-21,0.1,21.6449
2015-09-21,1,21.7603
2015-09-21,2,21.8011
2015-09-21,3,21.7964
2015-09-21,4,21.3183
2015-09-21,5,19.3629
2015-09-21,6,15.7532
2015-09-21,7,14.5492
2015-09-21,8,14.5278
2015-09-21,9,14.5241
2015-09-21,9.2,14.5165
2015-09-28,0.1,19.2587
2015-09-28,1,19.803
2015-09-28,2,19.6631
2015-09-28,3,19.2528
2015-09-28,4,19.1611
2015-09-28,5,18.5967
2015-09-28,6,16.6171
2015-09-28,7,14.74
2015-09-28,8,14.6952
2015-09-28,9,14.6793
2015-09-28,9.2,14.6766
2015-10-05,0.1,16.8134
2015-10-05,1,16.799
2015-10-05,2,16.6551
2015-10-05,3,16.5953
2015-10-05,4,16.5111
2015-10-05,5,16.4071
2015-10-05,6,16.3872
2015-10-05,7,16.2938
2015-10-05,8,16.2395
2015-10-05,9,16.2071
2015-10-05,9.2,16.1957
2015-10-23,0.1,15.7964
2015-10-23,1,15.2481
2015-10-23,2,14.683
2015-10-23,3,14.4467
2015-10-23,4,14.2401
2015-10-23,5,14.1793
2015-10-23,6,14.0969
2015-10-23,7,14.0757
2015-10-23,8,14.0779
2015-10-23,9,14.0604
2015-10-23,9.2,14.0615
2015-12-07,0.1,8.1692
2015-12-07,1,8.1645
2015-12-07,2,8.0527
2015-12-07,3,8.031
2015-12-07,4,7.6223
2015-12-07,5,7.5517
2015-12-07,6,7.5251
2015-12-07,7,7.5131
2015-12-07,8,7.5066
2015-12-07,9,7.4962
2015-12-07,9.2,7.4966
2016-02-05,0.1,3.7
2016-02-05,1,3.7
2016-02-05,2,3.7
2016-02-05,3,3.7
2016-03-30,0.1,12.4
2016-03-30,1,12.4
2016-03-30,2,12.1
2016-03-30,3,11.5
2016-03-30,4,11.2
2016-03-30,5,9
2016-03-30,6,8
2016-03-30,8,7
2016-03-30,9,6.8
2016-03-30,9.2,6.8
2016-04-04,0.1,12.6
2016-04-04,1,12.5
2016-04-04,2,12.5
2016-04-04,3,12.5
2016-04-04,4,11.8
2016-04-04,5,10
2016-04-04,6,8.6
2016-04-04,7,7.6
2016-04-04,8,7.3
2016-04-04,9,7.2
2016-04-04,9.2,7.1
2016-04-06,0.1,12.2
2016-04-06,1,12.1
2016-04-06,2,11.9
2016-04-06,3,11.1
2016-04-06,4,10.8
2016-04-06,5,10.1
2016-04-06,6,8.4
2016-04-06,7,7.5
2016-04-06,8,7.2
2016-04-06,9,7.1
2016-04-06,9.2,7.1
2016-04-11,0.1,10.58
2016-04-11,1,10.53
2016-04-11,2,10.53
2016-04-11,3,10.45
2016-04-11,4,10.34
2016-04-11,5,10.14
2016-04-11,6,9.74
2016-04-11,7,7.38
2016-04-11,8,6.66
2016-04-11,9,5.82
2016-04-11,9.2,5.09
2016-04-18,0.1,16.1
2016-04-18,1,15.6
2016-04-18,2,14.95
2016-04-18,3,13.2
2016-04-18,4,11.4
2016-04-18,5,10.35
2016-04-18,6,9.65
2016-04-18,7,8.5
2016-04-18,8,7.85
2016-04-18,9,7.6
2016-04-18,9.2,7.55
2016-04-20,0.1,16.9
2016-04-20,1,16.2
2016-04-20,2,15.7
2016-04-20,3,13.8
2016-04-20,4,12.1
2016-04-20,5,10.7
2016-04-20,6,9.8
2016-04-20,7,8.4
2016-04-20,8,8.3
2016-04-20,9,8.2
2016-04-20,9.2,8.2
2016-04-25,0.1,17
2016-04-25,1,16.7
2016-04-25,2,16.5
2016-04-25,3,15.3
2016-04-25,4,13
2016-04-25,5,10.9
2016-04-25,6,9.1
2016-04-25,8,8.8
2016-04-25,9,8.7
2016-04-25,9.2,8.7
2016-05-02,0.1,19.4
2016-05-02,1,19.2
2016-05-02,2,18.2
2016-05-02,3,16.4
2016-05-02,4,12.5
2016-05-02,5,11.5
2016-05-02,6,9.6
2016-05-02,7,9.2
2016-05-02,8,9.2
2016-05-02,9,9.2
2016-05-02,9.2,9.2
2016-05-04,0.1,20.2
2016-05-04,1,19.7
2016-05-04,2,18.6
2016-05-04,3,16.8
2016-05-04,4,13.3
2016-05-04,5,11.6
2016-05-04,6,9.9
2016-05-04,7,9.5
2016-05-04,8,9.4
2016-05-04,9,9.4
2016-05-04,9.2,9.4
2016-05-09,0.1,17.7
2016-05-09,1,17.4
2016-05-09,2,16.4
2016-05-09,3,15.8
2016-05-09,4,13.5
2016-05-09,5,11.2
2016-05-09,6,9.8
2016-05-09,7,9.7
2016-05-09,8,9.6
2016-05-09,9,9.6
2016-05-09,9.2,9.6
2016-05-12,0.1,19.6631
2016-05-12,1,18.7971
2016-05-12,2,17.0689
2016-05-12,3,15.5345
2016-05-12,4,13.4285
2016-05-12,5,10.3546
2016-05-12,6,9.8866
2016-05-16,0.1,17.1333
2016-05-16,1,17.2801
2016-05-16,2,17.0529
2016-05-16,3,16.6456
2016-05-16,4,13.0038
2016-05-16,5,11.1901
2016-05-16,6,10.1548
2016-05-19,0.1,16.4242
2016-05-19,1,16.4265
2016-05-19,2,16.339
2016-05-19,3,15.5301
2016-05-19,4,13.2728
2016-05-19,5,10.6301
2016-05-23,0.1,17.3609
2016-05-23,1,17.7612
2016-05-23,2,17.7586
2016-05-23,3,16.2828
2016-05-23,4,13.628
2016-05-23,5,11.5055
2016-05-23,6,10.373
2016-05-26,0.1,20.464
2016-05-26,1,18.5767
2016-05-26,2,17.4436
2016-05-26,3,16.0498
2016-05-26,4,14.3192
2016-05-29,0.1,22.9886
2016-05-29,1,21.6007
2016-05-29,2,18.9167
2016-05-29,3,16.6377
2016-05-29,4,13.8147
2016-05-29,5,11.5052
2016-05-30,0.1,22.4461
2016-05-30,1,20.0494
2016-05-30,2,19.1793
2016-05-30,3,16.7558
2016-05-30,4,15.9738
2016-05-30,5,12.9
2016-05-31,0.1,22.4599
2016-05-31,1,22.6582
2016-05-31,2,19.501
2016-05-31,3,17.3978
2016-05-31,4,16.1231
2016-05-31,5,14.3061
2016-05-31,6,10.8329
2016-06-01,0.1,22.5306
2016-06-01,1,21.431
2016-06-01,2,19.9404
2016-06-01,3,17.7655
2016-06-01,4,15.7956
2016-06-01,5,13.8277
2016-06-01,6,12.1377
2016-06-02,0.1,24.8486
2016-06-02,1,22.3155
2016-06-02,2,20.2588
2016-06-02,3,17.9746
2016-06-02,4,15.7574
2016-06-02,5,13.7748
2016-06-02,6,11.193
2016-06-03,0.1,25.3021
2016-06-03,1,23.9725
2016-06-03,2,19.8249
2016-06-03,3,17.7622
2016-06-03,4,15.5558
2016-06-03,5,14.1474
2016-06-06,0.1,24.8969
2016-06-06,1,24.4569
2016-06-06,2,21.0032
2016-06-06,3,18.0571
2016-06-06,4,16.1
2016-06-06,5,13.7694
2016-06-06,6,11.4399
2016-06-07,0.1,24.8378
2016-06-07,1,24.1378
2016-06-07,2,22.7393
2016-06-07,3,18.4819
2016-06-07,4,15.7216
2016-06-07,5,13.405
2016-06-08,0.1,23.6114
2016-06-08,1,23.567
2016-06-08,2,22.6246
2016-06-08,3,18.0329
2016-06-08,4,15.1709
2016-06-08,5,13.3876
2016-06-09,0.1,21.8237
2016-06-09,1,21.8725
2016-06-09,2,21.7712
2016-06-09,3,18.4479
2016-06-09,4,16.3969
2016-06-09,5,13.9009
2016-06-09,6,11.7296
2016-06-13,0.1,23.2914
2016-06-13,1,23.3888
2016-06-13,2,23.2169
2016-06-13,3,18.5991
2016-06-13,4,16.8611
2016-06-13,5,13.9289
2016-06-13,6,11.5913
2016-06-20,0.1,24.8002
2016-06-20,1,24.245
2016-06-20,2,23.5574
2016-06-20,3,20.9015
2016-06-20,4,17.3144
2016-06-20,5,13.9012
2016-06-20,6,11.9685
2016-06-20,8,11.8384
2016-06-20,9,11.8215
2016-06-20,9.2,11.8215
2016-06-23,0.1,23.382
2016-06-23,1,23.4254
2016-06-23,2,23.5264
2016-06-23,3,21.7449
2016-06-23,4,18.3518
2016-06-23,5,14.3384
2016-06-23,6,12.3648
2016-06-26,0.1,24.5176
2016-06-26,1,24.342
2016-06-26,2,23.3414
2016-06-26,3,20.3295
2016-06-26,4,17.2157
2016-06-26,5,14.1839
2016-06-26,6,12.1491
2016-06-27,0.1,24.6983
2016-06-27,1,23.7451
2016-06-27,2,22.9388
2016-06-27,3,20.5493
2016-06-27,4,20.4696
2016-06-27,5,17.4768
2016-06-27,6,16.0636
2016-06-27,7,12.8026
2016-06-27,8,12.0733
2016-06-27,9,12.0989
2016-06-27,9.2,12.0963
2016-06-28,0.1,22.874
2016-06-28,1,23.7825
2016-06-28,2,22.8112
2016-06-28,3,22.2372
2016-06-28,4,20.4019
2016-06-28,5,19.3592
2016-06-28,6,17.5091
2016-06-28,8,12.1581
2016-06-28,9,12.1129
2016-06-28,9.2,12.1247
2016-06-30,0.1,24.102
2016-06-30,1,23.7683
2016-06-30,2,22.6803
2016-06-30,3,21.3745
2016-06-30,4,19.5619
2016-06-30,5,17.9262
2016-06-30,6,14.8763
2016-06-30,7,12.3311
2016-06-30,8,12.2982
2016-06-30,9,12.2779
2016-06-30,9.2,12.2725
2016-07-05,0.1,22.9213
2016-07-05,1,22.9362
2016-07-05,2,22.9302
2016-07-05,3,21.2278
2016-07-05,4,19.5217
2016-07-05,5,17.5819
2016-07-05,6,14.2086
2016-07-05,7,12.6583
2016-07-05,8,12.6193
2016-07-05,9,12.5959
2016-07-05,9.2,12.5823
2016-07-07,0.1,24.646
2016-07-07,1,24.7528
2016-07-07,2,23.4985
2016-07-07,3,21.235
2016-07-07,4,19.5309
2016-07-07,5,17.2495
2016-07-07,6,13.8944
2016-07-07,7,12.742
2016-07-07,8,12.7162
2016-07-07,9,12.6902
2016-07-07,9.2,12.6834
2016-07-11,0.1,24.9381
2016-07-11,1,24.9657
2016-07-11,2,23.5303
2016-07-11,3,21.953
2016-07-11,4,19.4138
2016-07-11,5,17.6559
2016-07-11,6,14.0262
2016-07-11,7,12.9463
2016-07-11,8,12.9261
2016-07-11,9,12.8899
2016-07-11,9.2,12.8835
2016-07-14,0.1,25.8054
2016-07-14,1,25.4231
2016-07-14,2,23.7996
2016-07-14,3,22.2533
2016-07-14,4,19.2359
2016-07-14,5,17.2179
2016-07-14,6,14.1619
2016-07-14,7,13.1113
2016-07-14,8,13.0993
2016-07-14,9,13.0945
2016-07-14,9.2,13.0914
2016-07-18,0.1,26.84
2016-07-18,1,26.6248
2016-07-18,2,24.9497
2016-07-18,3,22.63
2016-07-18,4,20.2015
2016-07-18,5,17.1263
2016-07-18,6,13.5275
2016-07-18,7,13.48
2016-07-18,8,13.3493
2016-07-18,9,13.8249
2016-07-18,9.2,13.2933
2016-07-21,0.1,26.8576
2016-07-21,1,26.8642
2016-07-21,2,26.5888
2016-07-21,3,23.2867
2016-07-21,4,19.8748
2016-07-21,5,17.0964
2016-07-21,6,14.1832
2016-07-21,7,13.4921
2016-07-21,8,13.4522
2016-07-21,9,13.431
2016-07-21,9.2,13.4284
2016-07-24,0.1,28.6465
2016-07-24,1,28.2234
2016-07-24,3,22.8905
2016-07-24,4,19.9537
2016-07-24,5,17.0891
2016-07-24,6,13.6992
2016-07-24,7,13.5473
2016-07-24,8,13.5336
2016-07-24,9,13.5182
2016-07-24,9.2,13.5177
2016-07-25,0.1,28.9999
2016-07-25,1,29.1429
2016-07-25,2,26.2914
2016-07-25,3,23.4107
2016-07-25,4,19.7548
2016-07-25,5,17.0657
2016-07-25,6,13.8509
2016-07-25,7,13.6292
2016-07-25,8,13.5301
2016-07-25,9,13.5724
2016-07-25,9.2,13.5193
2016-07-26,0.1,29.1758
2016-07-26,1,28.1886
2016-07-26,2,27.1485
2016-07-26,3,23.7195
2016-07-26,4,20.9103
2016-07-26,5,18.8559
2016-07-26,6,14.8657
2016-07-26,7,13.6744
2016-07-26,8,13.6515
2016-07-26,9,13.6314
2016-07-26,9.2,13.6219
2016-07-27,0.1,27.1
2016-07-27,1,26.7
2016-07-27,2,26.2
2016-07-27,3,25.2
2016-07-27,4,24.9
2016-07-27,5,23.5
2016-07-27,6,20.6
2016-07-27,8,13.9
2016-07-27,9,13.8
2016-07-27,9.2,13.8
2016-07-28,0.1,27.132
2016-07-28,1,26.836
2016-07-28,2,25.9537
2016-07-28,3,25.3037
2016-07-28,4,24.0321
2016-07-28,5,22.921
2016-07-28,6,19.3854
2016-07-28,7,13.9296
2016-07-28,8,13.8702
2016-07-28,9,13.8391
2016-07-28,9.2,13.8357
2016-08-01,0.1,28.3071
2016-08-01,1,28.542
2016-08-01,2,27.5865
2016-08-01,3,26.1765
2016-08-01,4,23.931
2016-08-01,5,22.2148
2016-08-01,6,19.9832
2016-08-01,7,14.3593
2016-08-01,8,14.2961
2016-08-01,9,14.258
2016-08-01,9.2,14.2453
2016-08-08,0.1,25.2482
2016-08-08,1,25.348
2016-08-08,2,25.425
2016-08-08,3,24.9342
2016-08-08,4,23.4998
2016-08-08,5,21.8763
2016-08-08,6,18.0063
2016-08-11,0.1,26.1496
2016-08-11,1,26.0168
2016-08-11,2,25.5265
2016-08-11,3,24.2008
2016-08-11,4,23.3393
2016-08-11,5,21.8453
2016-08-11,6,17.8911
2016-08-15,0.1,27.3341
2016-08-15,1,27.2964
2016-08-15,2,27.2148
2016-08-15,3,24.8098
2016-08-15,4,23.5384
2016-08-15,5,21.6172
2016-08-15,6,18.3497
2016-08-18,0.1,26.7375
2016-08-18,1,26.8328
2016-08-18,2,26.8122
2016-08-18,3,25.4022
2016-08-18,4,23.4323
2016-08-18,5,21.1061
2016-08-18,6,17.6377
2016-08-23,0.1,25.8025
2016-08-23,1,25.8082
2016-08-23,2,25.5792
2016-08-23,3,24.9427
2016-08-23,4,23.538
2016-08-23,5,21.6187
2016-08-23,6,17.1483
2016-08-26,0.1,29.2938
2016-08-26,1,28.4339
2016-08-26,2,26.3749
2016-08-26,3,25.7541
2016-08-26,4,24.9292
2016-08-26,5,21.1318
2016-08-26,6,16.104
2016-09-02,0.1,25.0712
2016-09-02,1,25.6599
2016-09-02,2,25.6524
2016-09-02,3,25.5876
2016-09-02,4,23.4397
2016-09-02,5,20.7426
2016-09-02,6,16.6597
2016-09-06,0.1,25.8229
2016-09-06,1,25.3522
2016-09-06,2,24.6224
2016-09-06,3,24.1888
2016-09-06,4,23.2164
2016-09-06,5,20.5502
2016-09-06,6,16.4983
2016-09-09,0.1,26.016
2016-09-09,1,25.2095
2016-09-09,2,24.5971
2016-09-09,3,24.0404
2016-09-09,4,23.2565
2016-09-09,5,19.9831
2016-09-09,6,16.5234
2016-09-16,0.1,24.2926
2016-09-16,1,24.5444
2016-09-16,2,24.5303
2016-09-16,3,24.3581
2016-09-16,4,23.2233
2016-09-16,5,20.3132
2016-09-16,6,16.8414
2016-09-17,0.1,24.3367
2016-09-17,1,24.0872
2016-09-17,2,24.0076
2016-09-17,3,23.8279
2016-09-17,4,23.1154
2016-09-17,5,20.1814
2016-09-17,6,16.6989
2016-09-17,7,16.3744
2016-09-20,0.1,23.9
2016-09-20,1,23.8
2016-09-20,2,23.7
2016-09-20,3,23.7
2016-09-20,4,23.6
2016-09-20,5,21.5
2016-09-20,6,17
2016-09-20,8,16.4
2016-09-20,9,16.3
2016-09-20,9.2,16.3
2016-09-27,0.1,22.6347
2016-09-27,1,22.4724
2016-09-27,2,22.3138
2016-09-27,3,22.2858
2016-09-27,4,21.8677
2016-09-27,5,19.7231
2016-09-27,6,16.7978
2016-09-27,7,16.6237
2016-09-27,8,16.6058
2016-09-27,9,16.5975
2016-09-27,9.2,16.5948
2016-09-30,0.1,21.0834
2016-09-30,1,21.6621
2016-09-30,2,21.5464
2016-09-30,3,21.4363
2016-09-30,4,20.6812
2016-09-30,5,20.1328
2016-09-30,6,17.137
2016-09-30,7,16.6636
2016-09-30,8,16.6508
2016-09-30,9,16.6292
2016-09-30,9.2,16.6292
2016-10-05,0.1,20.9112
2016-10-05,1,20.9136
2016-10-05,2,20.5726
2016-10-05,3,20.0296
2016-10-05,4,19.9001
2016-10-05,5,19.5212
2016-10-05,6,19.1418
2016-10-05,7,18.3049
2016-10-05,8,17.569
2016-10-05,9,17.0862
2016-10-05,9.2,17.0874
2016-10-06,0.1,19.6861
2016-10-06,1,19.6843
2016-10-06,2,19.7402
2016-10-06,3,19.7444
2016-10-06,4,19.7191
2016-10-06,5,19.5158
2016-10-06,6,19.2193
2016-10-06,7,18.9729
2016-10-06,8,18.0747
2016-10-06,9,17.7891
2016-10-06,9.2,17.7952
2016-10-07,0.1,19.9404
2016-10-07,1,19.7404
2016-10-07,2,19.8935
2016-10-07,3,19.8062
2016-10-07,4,19.5396
2016-10-07,5,19.3518
2016-10-07,6,19.2453
2016-10-07,7,19.0368
2016-10-07,8,18.7301
2016-10-07,9,18.6538
2016-10-07,9.2,18.6672
2016-10-11,0.1,17.0702
2016-10-11,1,17.1992
2016-10-11,2,17.0867
2016-10-11,3,17.0128
2016-10-11,4,16.9535
2016-10-11,5,16.8187
2016-10-11,6,16.5966
2016-10-11,7,16.584
2016-10-11,8,16.5816
2016-10-11,9,16.5769
2016-10-11,9.2,16.576
2016-10-14,0.1,16.4313
2016-10-14,1,16.5207
2016-10-14,2,16.4511
2016-10-14,3,16.3963
2016-10-14,4,16.3108
2016-10-14,5,16.2496
2016-10-14,6,16.2067
2016-10-14,7,16.1496
2016-10-14,8,16.1365
2016-10-14,9,16.1343
2016-10-14,9.2,16.1328
2016-11-04,0.1,16.031
2016-11-04,1,16.0063
2016-11-04,2,15.9647
2016-11-04,3,15.6869
2016-11-04,4,14.7438
2016-11-04,5,14.6746
2016-11-04,6,14.5904
2016-11-04,7,14.4734
2016-11-04,8,14.4355
2016-11-04,9,14.4229
2016-11-04,9.2,14.4188
2016-11-11,0.1,13.3215
2016-11-11,1,13.2387
2016-11-11,2,13.053
2016-11-11,3,12.9685
2016-11-11,4,12.7551
2016-11-11,5,12.7194
2016-11-11,6,12.6754
2016-11-11,7,12.5826
2016-11-11,8,12.4434
2016-11-11,9,12.3914
2016-11-11,9.2,12.3839
2016-12-02,0.1,8.7574
2016-12-02,1,8.7036
2016-12-02,2,8.6171
2016-12-02,3,8.4897
2016-12-02,4,8.3821
2016-12-02,5,8.1329
2016-12-02,6,8.0515
2016-12-02,7,8.0219
2016-12-02,8,8.0107
2016-12-02,9,8.0059
2016-12-02,9.2,8.005
2017-02-06,0.1,4.45
2017-02-06,1,4.2
2017-02-06,2,4.1
2017-02-06,3,4.1
2017-02-06,4,4.1
2017-02-06,5,4.1
2017-02-06,6,4.1
2017-02-27,0.1,7.8
2017-02-27,1,8.9
2017-02-27,2,8.8
2017-02-27,3,8.2
2017-02-27,4,7.4
2017-02-27,5,7.1
2017-02-27,6,6.9
2017-02-27,8,6.6
2017-02-27,9,6.5
2017-02-27,9.2,6.5
2017-03-13,0.1,8.1
2017-03-13,2,8.1
2017-03-13,4,8
2017-03-13,5,7.9
2017-03-13,6,7.8
2017-03-13,8,7.6
2017-03-13,9,7.5
2017-03-13,9.2,7.5
2017-03-26,0.1,11.696
2017-03-26,1,11.7836
2017-03-26,2,11.7219
2017-03-26,3,10.4396
2017-03-26,4,9.2932
2017-03-26,5,8.5213
2017-03-26,6,8.2932
2017-03-26,7,7.7588
2017-03-26,8,7.3781
2017-03-26,9,7.0476
2017-03-26,9.2,7.0409
2017-03-27,0.1,12.4
2017-03-27,1,11.8
2017-03-27,2,11.3
2017-03-27,3,9.6
2017-03-27,4,8.7
2017-03-27,5,8.2
2017-03-27,6,7.8
2017-03-27,9,6.8
2017-03-27,9.2,6.8
2017-04-09,0.1,13.4659
2017-04-09,1,13.7861
2017-04-09,2,13.19
2017-04-09,3,12.13
2017-04-09,4,11.4403
2017-04-09,5,10.6928
2017-04-09,6,9.1368
2017-04-09,7,8.4274
2017-04-09,8,8.3368
2017-04-09,9,8.0856
2017-04-09,9.2,8.0262
2017-04-10,0.1,13.9
2017-04-10,1,13.1
2017-04-10,2,12.7
2017-04-10,3,11.7
2017-04-10,4,11
2017-04-10,5,9.5
2017-04-10,6,8.5
2017-04-10,8,8.1
2017-04-10,9,7.8
2017-04-10,9.2,7.8
2017-04-16,0.1,19.0712
2017-04-16,1,17.6792
2017-04-16,2,13.854
2017-04-16,3,11.6361
2017-04-16,4,10.5119
2017-04-16,5,9.0327
2017-04-16,6,8.3336
2017-04-16,7,8.15
2017-04-16,8,8.0752
2017-04-16,9,8.0094
2017-04-16,9.2,8.0004
2017-04-17,0.1,18.05
2017-04-17,2,17.3
2017-04-17,4,12
2017-04-17,5,10.3
2017-04-17,6,8.9
2017-04-17,8,8.3
2017-04-17,9,8.1
2017-04-17,9.2,8.1
2017-04-23,0.1,16.1635
2017-04-23,1,16.0313
2017-04-23,2,14.2371
2017-04-23,3,12.2878
2017-04-23,4,10.4422
2017-04-23,5,8.9724
2017-04-23,6,8.9102
2017-04-23,7,8.9566
2017-04-23,8,8.9704
2017-04-23,9,8.9402
2017-04-23,9.2,8.9413
2017-04-30,0.1,19.4914
2017-04-30,1,17.6644
2017-04-30,2,14.4583
2017-04-30,3,12.0095
2017-04-30,4,10.2747
2017-04-30,5,9.3758
2017-04-30,6,9.351
2017-04-30,7,9.3382
2017-04-30,8,9.3325
2017-04-30,9,9.3285
2017-04-30,9.2,9.3533
2017-05-01,0.1,19.65
2017-05-01,2,17.5
2017-05-01,4,11.8
2017-05-01,5,9.4
2017-05-01,6,9.3
2017-05-01,8,9.3
2017-05-01,9,9.3
2017-05-01,9.2,9.3
2017-05-04,0.1,17.1867
2017-05-04,1,16.3492
2017-05-04,2,15.0129
2017-05-04,3,11.982
2017-05-04,4,10.2193
2017-05-04,5,9.5569
2017-05-04,6,9.567
2017-05-04,7,9.5404
2017-05-04,8,9.5348
2017-05-04,9,9.5336
2017-05-04,9.2,9.5331
2017-05-07,0.1,14.9571
2017-05-07,1,14.8675
2017-05-07,2,14.698
2017-05-07,3,12.4828
2017-05-07,4,9.7701
2017-05-07,5,9.6964
2017-05-07,6,9.6778
2017-05-07,7,9.6684
2017-05-07,8,9.6652
2017-05-07,9,9.6664
2017-05-07,9.2,9.6671
2017-05-08,0.1,14.95
2017-05-08,1,15
2017-05-08,2,14.8
2017-05-08,3,13.7
2017-05-08,4,12.4
2017-05-08,5,9.8
2017-05-08,6,9.7
2017-05-08,8,9.7
2017-05-08,9,9.6
2017-05-08,9.2,9.6
2017-05-09,0.1,15.0035
2017-05-09,1,14.794
2017-05-09,2,13.5531
2017-05-09,3,12.9311
2017-05-09,4,10.0481
2017-05-09,5,9.7849
2017-05-09,6,9.779
2017-05-09,7,9.7753
2017-05-09,8,9.7712
2017-05-09,9,9.7689
2017-05-09,9.2,9.7672
2017-05-14,0.1,17.5529
2017-05-14,1,17.4872
2017-05-14,2,14.8232
2017-05-14,3,12.5661
2017-05-14,4,10.6059
2017-05-14,5,9.9775
2017-05-14,6,9.9663
2017-05-14,7,9.9595
2017-05-14,8,9.9554
2017-05-14,9,9.9756
2017-05-14,9.2,9.9536
2017-05-15,0.1,17.3
2017-05-15,1,17.6
2017-05-15,2,17.6
2017-05-15,3,14.4
2017-05-15,4,12.9
2017-05-15,5,10.2
2017-05-15,6,10
2017-05-15,8,9.9
2017-05-15,9,9.9
2017-05-15,9.2,9.9
2017-05-18,0.1,22.3
2017-05-18,1,22.1
2017-05-18,2,18.3
2017-05-18,3,14.9
2017-05-18,4,13.1
2017-05-18,5,10.7
2017-05-18,6,10.2
2017-05-18,8,10.1
2017-05-18,9,10
2017-05-18,9.2,10
2017-05-22,0.1,19.3
2017-05-22,1,20.3
2017-05-22,2,20.3
2017-05-22,3,15.8
2017-05-22,4,13.3
2017-05-22,5,10.9
2017-05-22,6,10.5
2017-05-22,8,10.2
2017-05-22,9,10.2
2017-05-22,9.2,10.2
2017-05-25,0.1,18.3
2017-05-25,1,18.1
2017-05-25,2,17.4
2017-05-25,3,16.1
2017-05-25,4,14.1
2017-05-25,5,11.3
2017-05-25,6,10.5
2017-05-25,8,10.3
2017-05-25,9,10.3
2017-05-25,9.2,10.3
2017-05-29,0.1,20.6
2017-05-29,1,20.5
2017-05-29,2,17.6
2017-05-29,3,16
2017-05-29,4,13.6
2017-05-29,5,10.9
2017-05-29,6,10.6
2017-05-29,8,10.5
2017-05-29,9,10.5
2017-05-29,9.2,10.5
2017-05-30,0.1,21.1
2017-05-30,1,18.6
2017-05-30,2,17.6
2017-05-30,3,17
2017-05-30,4,16.3
2017-05-30,5,15.3
2017-05-30,6,14.5
2017-05-30,7,10.8
2017-05-30,8,10.9
2017-05-30,9,10.7
2017-05-30,9.2,10.7
2017-06-01,0.1,21.9
2017-06-01,1,19.2
2017-06-01,2,18.1
2017-06-01,3,17.3
2017-06-01,4,16.2
2017-06-01,5,15.3
2017-06-01,6,13.5
2017-06-01,7,11.5
2017-06-01,8,11
2017-06-01,9,10.9
2017-06-01,9.2,10.9
2017-06-05,0.1,21.8
2017-06-05,1,22.1
2017-06-05,2,22
2017-06-05,3,18.3
2017-06-05,4,16.5
2017-06-05,5,15.2
2017-06-05,6,13
2017-06-05,8,11.4
2017-06-05,9,11.3
2017-06-05,9.2,11.3
2017-06-08,0.1,20.1
2017-06-08,1,20.1
2017-06-08,2,20
2017-06-08,3,18.3
2017-06-08,4,16.7
2017-06-08,5,14.9
2017-06-08,6,12
2017-06-08,8,11.6
2017-06-08,9,11.5
2017-06-08,9.2,11.5
2017-06-12,0.1,23.1
2017-06-12,1,23
2017-06-12,2,21.7
2017-06-12,3,18.9
2017-06-12,4,17.2
2017-06-12,5,15.1
2017-06-12,6,12.3
2017-06-12,8,11.9
2017-06-12,9,11.8
2017-06-12,9.2,11.8
2017-06-19,0.1,25.5
2017-06-19,1,24.7
2017-06-19,2,24
2017-06-19,3,20.1
2017-06-19,4,18
2017-06-19,5,15.3
2017-06-19,6,13
2017-06-19,8,12.5
2017-06-19,9,12.4
2017-06-19,9.2,12.4
2017-06-26,0.1,24.2
2017-06-26,1,24.1
2017-06-26,2,23.8
2017-06-26,3,21.1
2017-06-26,4,18.4
2017-06-26,5,15.1
2017-06-26,6,13
2017-06-26,8,12.7
2017-06-26,9,12.6
2017-06-26,9.2,12.6
2017-07-05,0.1,22.05
2017-07-05,1,25.3
2017-07-05,2,25.1
2017-07-05,3,22.4
2017-07-05,4,19
2017-07-05,5,15.2
2017-07-05,6,13.4
2017-07-05,8,12.9
2017-07-05,9,12.8
2017-07-05,9.2,12.8
2017-07-10,0.1,25.8
2017-07-10,1,25.6
2017-07-10,2,25.6
2017-07-10,3,22.6
2017-07-10,4,19.5
2017-07-10,5,15.6
2017-07-10,6,13.5
2017-07-10,8,13.1
2017-07-10,9,13
2017-07-10,9.2,13
2017-07-13,0.1,28.8
2017-07-13,1,27.4
2017-07-13,2,24.6
2017-07-13,3,23.7
2017-07-13,4,20.9
2017-07-13,5,18.9
2017-07-13,6,15.1
2017-07-13,8,13.3
2017-07-13,9,13.2
2017-07-13,9.2,13.2
2017-07-17,0.1,27
2017-07-17,1,26.6
2017-07-17,2,26
2017-07-17,3,24.8
2017-07-17,4,20.9
2017-07-17,5,18.5
2017-07-17,6,15
2017-07-17,8,14.8
2017-07-17,9,13.8
2017-07-17,9.2,13.8
2017-07-24,0.1,28.6
2017-07-24,1,28.5
2017-07-24,2,26.6
2017-07-24,3,24.3
2017-07-24,4,21.6
2017-07-24,5,18.3
2017-07-24,6,14.5
2017-07-24,8,14.2
2017-07-24,9,14.1
2017-07-24,9.2,14.1
2017-07-31,0.1,24.6
2017-07-31,1,24.5
2017-07-31,2,24.3
2017-07-31,3,23.6
2017-07-31,4,20.8
2017-07-31,5,17.9
2017-07-31,6,15
2017-07-31,8,14.4
2017-07-31,9,14.3
2017-07-31,9.2,14.3
2017-08-07,0.1,24.3
2017-08-07,1,24.4
2017-08-07,2,24.3
2017-08-07,3,23.7
2017-08-07,4,20.7
2017-08-07,5,17.6
2017-08-07,6,15
2017-08-07,8,14.7
2017-08-07,9,14.6
2017-08-07,9.2,14.6
2017-08-14,0.1,24.8
2017-08-14,1,24.9
2017-08-14,2,24.9
2017-08-14,3,23.7
2017-08-14,4,21.6
2017-08-14,5,17.5
2017-08-14,6,15.3
2017-08-14,8,15
2017-08-14,9,14.8
2017-08-14,9.2,14.8
2017-08-21,0.1,27.3
2017-08-21,1,26.7
2017-08-21,2,26.5
2017-08-21,3,24.7
2017-08-21,4,21.7
2017-08-21,5,17.8
2017-08-21,6,15.3
2017-08-21,8,15.1
2017-08-21,9,15
2017-08-21,9.2,15
2017-08-28,0.1,17.5
2017-08-28,1,24.1
2017-08-28,2,23.8
2017-08-28,3,23.7
2017-08-28,4,22.4
2017-08-28,5,17.5
2017-08-28,6,15.3
2017-08-28,8,15.1
2017-08-28,9,15.1
2017-08-28,9.2,15.1
2017-09-04,0.1,22
2017-09-04,1,21.5
2017-09-04,2,21.3
2017-09-04,3,20.9
2017-09-04,4,20.6
2017-09-04,5,17.7
2017-09-04,6,15.6
2017-09-04,8,15.3
2017-09-04,9,15.2
2017-09-04,9.2,15.2
2017-09-11,0.1,16.7
2017-09-11,1,19.5
2017-09-11,2,19.5
2017-09-11,3,19.5
2017-09-11,4,19.4
2017-09-11,5,17.5
2017-09-11,6,15.6
2017-09-11,8,15.3
2017-09-11,9,15.3
2017-09-11,9.2,15.3
2017-09-18,0.1,18.4
2017-09-18,1,21.5
2017-09-18,2,20.9
2017-09-18,3,19.7
2017-09-18,4,19.1
2017-09-18,5,17.9
2017-09-18,6,15.9
2017-09-18,8,15.5
2017-09-18,9,15.4
2017-09-18,9.2,15.4
2017-09-25,0.1,19.2
2017-09-25,1,23.1
2017-09-25,2,22.4
2017-09-25,3,20.9
2017-09-25,4,19.9
2017-09-25,5,17.6
2017-09-25,6,15.7
2017-09-25,8,15.5
2017-09-25,9,15.5
2017-09-25,9.2,15.5
2017-10-09,0.1,20.7
2017-10-09,1,20.9
2017-10-09,2,20.7
2017-10-09,3,20.2
2017-10-09,4,19.5
2017-10-09,5,17.7
2017-10-09,6,16.1
2017-10-09,8,15.8
2017-10-09,9,15.8
2017-10-09,9.2,15.8
2017-11-06,0.1,14.3
2017-11-06,1,14
2017-11-06,2,13.8
2017-11-06,3,13.7
2017-11-06,4,13.4
2017-11-06,5,13.3
2017-11-06,6,13.3
2017-11-06,8,13.3
2017-11-06,9,13.3
2017-11-06,9.2,13.3
2018-01-15,0.1,2.4
2018-01-15,1,2.6
2018-01-15,2,2.8
2018-01-15,3,2.9
2018-01-15,4,2.9
2018-01-15,5,2.9
2018-01-15,6,3.1
2018-01-15,8,3.2
2018-01-15,9,3.2
2018-01-15,9.2,3.2
2018-02-19,0.1,6.5
2018-02-19,1,6.3
2018-02-19,2,6.1
2018-02-19,3,5.9
2018-02-19,5,5.6
2018-02-19,6,5.5
2018-02-19,9,5.1
2018-02-19,9.2,5.1
2018-03-19,0.1,9.1
2018-03-19,2,6.8
2018-03-19,4,5.9
2018-03-19,5,5.8
2018-03-19,6,5.7
2018-03-19,8,5.7
2018-03-19,9,5.6
2018-03-19,9.2,5.6
2018-04-04,0.1,10.9
2018-04-04,1,10.9
2018-04-04,2,10.1
2018-04-04,3,8.3
2018-04-04,4,7.2
2018-04-04,5,7
2018-04-04,6,6.5
2018-04-04,8,6.3
2018-04-04,9,6.2
2018-04-04,9.2,6.2
2018-04-10,0.1,9.8
2018-04-10,1,9.9
2018-04-10,2,9.7
2018-04-10,3,9.5
2018-04-10,4,9.4
2018-04-10,5,8
2018-04-10,6,7.2
2018-04-10,8,6.7
2018-04-10,9,6.6
2018-04-10,9.2,6.6
2018-04-20,0.1,14.7479
2018-04-20,1,14.7933
2018-04-20,2,13.0031
2018-04-20,3,11.9593
2018-04-20,4,8.6759
2018-04-20,5,7.5213
2018-04-20,6,7.186
2018-04-20,7,7.0986
2018-04-20,8,7.0108
2018-04-20,9,6.9276
2018-04-20,9.2,6.9252
2018-04-23,0.1,13.5607
2018-04-23,1,13.5007
2018-04-23,2,12.0929
2018-04-23,3,10.9533
2018-04-23,4,8.3889
2018-04-23,5,9.0219
2018-04-23,6,7.4956
2018-04-23,7,7.32
2018-04-23,8,7.2259
2018-04-23,9,7.0848
2018-04-23,9.2,7.177
2018-04-30,0.1,14.1982
2018-04-30,1,14.1616
2018-04-30,2,14.5657
2018-04-30,3,13.6391
2018-04-30,4,9.6818
2018-04-30,5,8.1914
2018-04-30,6,8.1558
2018-04-30,7,8.1743
2018-04-30,8,8.1402
2018-04-30,9,8.171
2018-04-30,9.2,8.1711
2018-05-04,0.1,19.5629
2018-05-04,1,16.6785
2018-05-04,2,15.309
2018-05-04,3,13.4197
2018-05-04,4,10.1153
2018-05-04,5,8.7247
2018-05-04,6,8.5743
2018-05-04,7,8.5465
2018-05-04,8,8.5393
2018-05-04,9,8.5287
2018-05-04,9.2,8.5244
2018-05-07,0.1,19.9079
2018-05-07,1,19.9103
2018-05-07,2,16.23
2018-05-07,3,13.5431
2018-05-07,4,10.0026
2018-05-07,5,8.8285
2018-05-07,6,8.813
2018-05-07,7,8.8057
2018-05-07,8,8.811
2018-05-07,9,8.8068
2018-05-07,9.2,8.8081
2018-05-11,0.1,21.1883
2018-05-11,1,20.9199
2018-05-11,2,18.6709
2018-05-11,3,14.9881
2018-05-11,4,10.767
2018-05-11,5,9.1762
2018-05-11,6,9.1478
2018-05-11,7,9.1608
2018-05-11,8,9.1173
2018-05-11,9,9.1063
2018-05-11,9.2,9.1077
2018-05-14,0.1,23.6513
2018-05-14,1,23.5748
2018-05-14,2,18.5294
2018-05-14,3,14.4529
2018-05-14,4,10.8503
2018-05-14,5,9.3757
2018-05-14,6,9.3341
2018-05-14,7,9.3337
2018-05-14,8,9.3245
2018-05-14,9,9.3224
2018-05-14,9.2,9.3224
2018-05-17,0.1,22.6666
2018-05-17,1,21.7405
2018-05-17,2,18.3273
2018-05-17,3,15.0278
2018-05-17,4,10.7391
2018-05-17,5,9.5192
2018-05-17,6,9.5233
2018-05-17,7,9.5116
2018-05-17,8,9.5081
2018-05-17,9,9.501
2018-05-17,9.2,9.5007
2018-05-21,0.1,22
2018-05-21,1,19.8
2018-05-21,2,17.8
2018-05-21,3,16.6
2018-05-21,4,13.9
2018-05-21,5,10.8
2018-05-21,6,9.9
2018-05-21,8,9.7
2018-05-21,9,9.6
2018-05-21,9.2,9.6
2018-05-28,0.1,23.1231
2018-05-28,1,20.331
2018-05-28,2,17.3756
2018-05-28,3,14.7044
2018-05-28,4,10.4925
2018-05-28,5,9.9252
2018-05-28,6,9.8907
2018-05-28,7,9.8641
2018-05-28,8,9.8412
2018-05-28,9,9.786
2018-05-28,9.2,9.7672
2018-05-30,0.1,22.5203
2018-05-30,1,20.0947
2018-05-30,2,17.9244
2018-05-30,3,14.2953
2018-05-30,4,10.9614
2018-05-30,5,10.0198
2018-05-30,6,10.0032
2018-05-30,7,9.9852
2018-05-30,8,9.9763
2018-05-30,9,9.9673
2018-05-30,9.2,9.9658
2018-05-31,0.1,22.6763
2018-05-31,1,20.8529
2018-05-31,2,18.1587
2018-05-31,3,15.0648
2018-05-31,4,11.0123
2018-05-31,5,10.066
2018-05-31,6,10.0416
2018-05-31,7,10.0311
2018-05-31,8,10.0187
2018-05-31,9,10.0039
2018-05-31,9.2,10.0043
2018-06-04,0.1,23.4003
2018-06-04,1,23.1671
2018-06-04,2,19.0698
2018-06-04,3,15.2755
2018-06-04,4,10.9423
2018-06-04,5,10.1873
2018-06-04,6,10.1557
2018-06-04,7,10.1465
2018-06-04,8,10.1491
2018-06-04,9,10.1344
2018-06-04,9.2,10.132
2018-06-07,0.1,23.0855
2018-06-07,1,22.7822
2018-06-07,2,19.5111
2018-06-07,3,15.8177
2018-06-07,4,11.7473
2018-06-07,5,10.2928
2018-06-07,6,10.2672
2018-06-07,7,10.2681
2018-06-07,8,10.2547
2018-06-07,9,10.2495
2018-06-07,9.2,10.2494
2018-06-11,0.1,24.6738
2018-06-11,1,24.68
2018-06-11,2,19.9714
2018-06-11,3,15.522
2018-06-11,4,11.8206
2018-06-11,5,10.446
2018-06-11,6,10.4183
2018-06-11,7,10.4097
2018-06-11,8,10.3974
2018-06-11,9,10.3943
2018-06-11,9.2,10.3928
2018-06-14,0.1,24.7688
2018-06-14,1,23.1242
2018-06-14,2,19.2105
2018-06-14,3,16.1489
2018-06-14,4,11.2865
2018-06-14,5,10.5465
2018-06-14,6,10.5288
2018-06-14,7,10.5143
2018-06-14,8,10.5067
2018-06-14,9,10.4999
2018-06-14,9.2,10.4964
2018-06-18,0.1,27.3134
2018-06-18,1,24.4994
2018-06-18,2,21.0731
2018-06-18,3,15.523
2018-06-18,4,12.3363
2018-06-18,5,10.7101
2018-06-18,6,10.6578
2018-06-18,7,10.6472
2018-06-18,8,10.6371
2018-06-18,9,10.6338
2018-06-18,9.2,10.6306
2018-06-21,0.1,27.3263
2018-06-21,1,26.4212
2018-06-21,2,21.3279
2018-06-21,3,16.2883
2018-06-21,4,11.9344
2018-06-21,5,10.8356
2018-06-21,6,10.7826
2018-06-21,7,10.7697
2018-06-21,8,10.7619
2018-06-21,9,10.7562
2018-06-21,9.2,10.7551
2018-06-25,0.1,26.2054
2018-06-25,1,26.2063
2018-06-25,2,22.1904
2018-06-25,3,16.6097
2018-06-25,4,12.5342
2018-06-25,5,10.9147
2018-06-25,6,10.8697
2018-06-25,7,10.8612
2018-06-25,8,10.8568
2018-06-25,9,10.8517
2018-06-25,9.2,10.8532
2018-06-28,0.1,23.952
2018-06-28,1,23.8528
2018-06-28,2,21.5672
2018-06-28,3,16.3711
2018-06-28,4,12.2333
2018-06-28,5,10.9828
2018-06-28,6,10.9636
2018-06-28,7,10.9397
2018-06-28,8,10.9347
2018-06-28,9,10.9393
2018-06-28,9.2,10.9293
2018-07-02,0.1,27.452
2018-07-02,1,25.5154
2018-07-02,2,22.3412
2018-07-02,3,17.0682
2018-07-02,4,12.3326
2018-07-02,5,11.0898
2018-07-02,6,11.067
2018-07-02,7,11.0537
2018-07-02,8,11.0488
2018-07-02,9,11.0438
2018-07-02,9.2,11.0335
2018-07-05,0.1,28.8083
2018-07-05,1,27.0201
2018-07-05,2,23.3335
2018-07-05,3,16.9997
2018-07-05,4,12.6726
2018-07-05,5,11.1754
2018-07-05,6,11.1374
2018-07-05,7,11.1322
2018-07-05,8,11.1226
2018-07-05,9,11.1156
2018-07-05,9.2,11.1156
2018-07-09,0.1,25.5168
2018-07-09,1,25.7468
2018-07-09,2,23.366
2018-07-09,3,17.1679
2018-07-09,4,13.1413
2018-07-09,5,11.2763
2018-07-09,6,11.2514
2018-07-09,7,11.2508
2018-07-09,8,11.2456
2018-07-09,9,11.2399
2018-07-09,9.2,11.2374
2018-07-16,0.1,27.3995
2018-07-16,1,27.2692
2018-07-16,2,24.402
2018-07-16,3,18.2176
2018-07-16,4,13.0874
2018-07-16,5,11.6187
2018-07-16,6,11.4468
2018-07-16,7,11.441
2018-07-16,8,11.4284
2018-07-16,9,11.4164
2018-07-16,9.2,11.4163
2018-07-19,0.1,26.9707
2018-07-19,1,26.7712
2018-07-19,2,24.2766
2018-07-19,3,17.4784
2018-07-19,4,13.2426
2018-07-19,5,11.5261
2018-07-19,6,11.5051
2018-07-19,7,11.4985
2018-07-19,8,11.4922
2018-07-19,9,11.4887
2018-07-19,9.2,11.4889
2018-07-23,0.1,24.9385
2018-07-23,1,25.1816
2018-07-23,2,25.037
2018-07-23,3,18.0925
2018-07-23,4,13.4979
2018-07-23,5,11.7926
2018-07-23,6,11.6998
2018-07-23,7,11.7081
2018-07-23,8,11.7081
2018-07-23,9,11.7081
2018-07-23,9.2,11.7081
2018-07-26,0.1,27.636
2018-07-26,1,25.3062
2018-07-26,2,23.3636
2018-07-26,3,19.8275
2018-07-26,4,14.0782
2018-07-26,5,11.8548
2018-07-26,6,11.8174
2018-07-26,7,11.8101
2018-07-26,8,11.8019
2018-07-26,9,11.8012
2018-07-26,9.2,11.7983
2018-07-30,0.1,25.5
2018-07-30,1,25.6
2018-07-30,2,24.8
2018-07-30,3,22.7
2018-07-30,4,17.2
2018-07-30,5,12.1
2018-07-30,6,11.9
2018-07-30,8,11.8
2018-07-30,9,11.8
2018-07-30,9.2,11.8
2018-08-02,0.1,25.3842
2018-08-02,1,25.0658
2018-08-02,2,23.7597
2018-08-02,3,18.8057
2018-08-02,4,12.8469
2018-08-02,5,11.9402
2018-08-02,6,11.8849
2018-08-02,7,11.8389
2018-08-02,8,11.769
2018-08-02,9,11.6836
2018-08-02,9.2,11.6675
2018-08-06,0.1,25.983
2018-08-06,1,26.1238
2018-08-06,2,23.7704
2018-08-06,3,19.4151
2018-08-06,4,14.5314
2018-08-06,5,12.2504
2018-08-06,6,11.9243
2018-08-06,7,11.8404
2018-08-06,8,11.7922
2018-08-06,9,11.6471
2018-08-06,9.2,11.694
2018-08-09,0.1,28.4272
2018-08-09,1,26.3115
2018-08-09,4,13.8063
2018-08-09,5,12.1851
2018-08-09,6,11.9189
2018-08-09,7,11.7527
2018-08-09,8,11.684
2018-08-09,9,11.5729
2018-08-09,9.2,11.5421
2018-08-10,0.1,26.3496
2018-08-10,1,26.4705
2018-08-10,4,14.1005
2018-08-10,5,12.1267
2018-08-10,6,11.8585
2018-08-10,7,11.8129
2018-08-10,8,11.7977
2018-08-10,9,11.7887
2018-08-10,9.2,11.7885
2018-08-13,0.1,26.6
2018-08-13,1,26.3
2018-08-13,2,26.2
2018-08-13,3,23.3
2018-08-13,4,18.5
2018-08-13,5,13.6
2018-08-13,6,12.3
2018-08-13,7,12.1
2018-08-13,8,12
2018-08-13,9,12
2018-08-13,9.2,12
2018-08-14,0.1,26.5094
2018-08-14,1,25.4828
2018-08-14,4,14.398
2018-08-14,5,12.2288
2018-08-14,6,12.0343
2018-08-14,7,12.0246
2018-08-14,8,11.966
2018-08-14,9,11.9201
2018-08-14,9.2,11.8724
2018-08-16,0.1,26.9415
2018-08-16,1,26.2019
2018-08-16,2,25.066
2018-08-16,4,14.4286
2018-08-16,5,12.6938
2018-08-16,6,12.1104
2018-08-16,7,11.9949
2018-08-16,8,11.9332
2018-08-16,9,11.9162
2018-08-16,9.2,11.8425
2018-08-20,0.1,25.8962
2018-08-20,1,25.8152
2018-08-20,2,24.688
2018-08-20,3,19.641
2018-08-20,4,14.7346
2018-08-20,5,12.4773
2018-08-20,6,12.0788
2018-08-20,7,11.9617
2018-08-20,8,11.9482
2018-08-20,9,11.7712
2018-08-20,9.2,11.7359
2018-08-24,0.1,24.372
2018-08-24,1,23.8242
2018-08-24,2,23.5643
2018-08-24,4,15.0275
2018-08-24,5,12.5633
2018-08-24,6,12.0887
2018-08-24,7,11.9176
2018-08-24,8,11.9384
2018-08-24,9,11.7638
2018-08-24,9.2,11.7267
2018-08-27,0.1,26.0445
2018-08-27,1,24.5103
2018-08-27,2,23.6773
2018-08-27,3,21.1225
2018-08-27,4,15.0212
2018-08-27,5,12.7215
2018-08-27,6,12.0126
2018-08-27,7,11.907
2018-08-27,8,11.8437
2018-08-27,9,11.7345
2018-08-27,9.2,11.6988
2018-09-03,0.1,26.117
2018-09-03,1,25.9928
2018-09-03,2,24.592
2018-09-03,3,21.1584
2018-09-03,4,16.2578
2018-09-03,5,12.8623
2018-09-03,6,12.0282
2018-09-03,7,11.9807
2018-09-03,8,11.9719
2018-09-03,9,11.8747
2018-09-03,9.2,11.957
2018-09-07,0.1,28.0762
2018-09-07,1,26.5807
2018-09-07,2,25.3733
2018-09-07,4,15.3696
2018-09-07,5,13.1274
2018-09-07,6,12.4849
2018-09-07,7,12.4849
2018-09-07,8,12.4849
2018-09-07,9,12.4849
2018-09-07,9.2,12.4849
2018-09-10,0.1,23.8694
2018-09-10,1,23.9875
2018-09-10,2,23.4408
2018-09-10,3,14.4149
2018-09-10,4,15.7725
2018-09-10,5,12.5049
2018-09-10,6,12.2682
2018-09-10,7,12.273
2018-09-10,8,12.2574
2018-09-10,9,12.2505
2018-09-10,9.2,12.2489
2018-09-12,0.1,24.3203
2018-09-12,1,23.7735
2018-09-12,4,16.5377
2018-09-12,5,13.1156
2018-09-12,6,12.3071
2018-09-12,7,12.255
2018-09-12,8,12.2276
2018-09-12,9,12.1695
2018-09-12,9.2,12.1712
2018-09-17,0.1,22.8417
2018-09-17,1,22.5649
2018-09-17,2,22.3991
2018-09-17,3,22.0024
2018-09-17,4,21.1957
2018-09-17,5,17.4184
2018-09-17,6,15.4742
2018-09-17,7,13.8652
2018-09-17,8,13.457
2018-09-17,9,13.0473
2018-09-17,9.2,12.9026
2018-09-21,0.1,24.7236
2018-09-21,1,23.8721
2018-09-21,2,22.9537
2018-09-21,3,21.9539
2018-09-21,4,21.0497
2018-09-21,5,18.4301
2018-09-21,6,16.2588
2018-09-21,7,14.8175
2018-09-21,8,13.9144
2018-09-21,9,13.3754
2018-09-21,9.2,13.1795
2018-09-24,0.1,21.4644
2018-09-24,1,22.0204
2018-09-24,2,22.0182
2018-09-24,3,21.3074
2018-09-24,4,20.7827
2018-09-24,5,18.7085
2018-09-24,6,16.341
2018-09-24,7,14.8888
2018-09-24,8,13.946
2018-09-24,9,13.3283
2018-09-24,9.2,13.0637
2018-10-01,0.1,21.3117
2018-10-01,1,20.8297
2018-10-01,2,20.6061
2018-10-01,3,20.2613
2018-10-01,4,19.7447
2018-10-01,5,18.6563
2018-10-01,6,16.1534
2018-10-01,7,14.7027
2018-10-01,8,13.8051
2018-10-01,9,13.1904
2018-10-01,9.2,13.0143
2018-10-05,0.1,24.0209
2018-10-05,1,21.9599
2018-10-05,4,19.5836
2018-10-05,5,18.197
2018-10-05,6,16.0229
2018-10-05,7,14.5311
2018-10-05,8,13.7411
2018-10-05,9,13.1556
2018-10-05,9.2,13.1345
2018-10-08,0.1,23.4392
2018-10-08,1,22.8504
2018-10-08,2,22.4168
2018-10-08,4,19.4689
2018-10-08,5,18.2405
2018-10-08,6,16.0861
2018-10-08,7,14.6983
2018-10-08,8,13.6523
2018-10-08,9,13.0627
2018-10-08,9.2,12.9274
2018-10-15,0.1,17.502
2018-10-15,1,17.3319
2018-10-15,2,17.2208
2018-10-15,3,17.1265
2018-10-15,4,16.9933
2018-10-15,5,16.7872
2018-10-15,6,16.3957
2018-10-15,7,14.7128
2018-10-15,8,13.7387
2018-10-15,9,13.1973
2018-10-15,9.2,13.0267
2018-10-19,0.1,16.0301
2018-10-19,1,15.879
2018-10-19,2,15.8211
2018-10-19,3,15.6579
2018-10-19,4,15.5326
2018-10-19,5,15.4
2018-10-19,6,15.3407
2018-10-19,7,15.1936
2018-10-19,8,13.6846
2018-10-19,9,13.0269
2018-10-19,9.2,12.9678
2018-10-21,0.1,15.3
2018-10-21,1,15.3
2018-10-21,2,15.3
2018-10-21,3,15.3
2018-10-21,4,14.9
2018-10-21,5,14.8
2018-10-21,6,14.8
2018-10-21,7,14.8
2018-10-21,8,14.7
2018-10-21,9,13.4
2018-10-21,9.2,13.4
2018-10-22,0.1,14.4926
2018-10-22,1,14.3858
2018-10-22,2,14.3723
2018-10-22,3,14.3652
2018-10-22,4,14.3432
2018-10-22,5,14.278
2018-10-22,6,14.2302
2018-10-22,7,14.0459
2018-10-22,8,14.0077
2018-10-22,9,12.9634
2018-10-22,9.2,12.9014
2018-10-29,0.1,12.1781
2018-10-29,1,12.0927
2018-10-29,2,12.0219
2018-10-29,3,12.0028
2018-10-29,4,12.0003
2018-10-29,5,12.0006
2018-10-29,6,11.9965
2018-10-29,7,11.989
2018-10-29,8,11.9797
2018-10-29,9,11.969
2018-10-29,9.2,11.9695
2018-11-02,0.1,12.7126
2018-11-02,1,12.5746
2018-11-02,2,12.3447
2018-11-02,3,11.8157
2018-11-02,4,11.7434
2018-11-02,5,11.7185
2018-11-02,6,11.6685
2018-11-02,7,11.6367
2018-11-02,8,11.6113
2018-11-02,9,11.5838
2018-11-02,9.2,11.5791
2018-11-07,0.1,13.4469
2018-11-07,1,12.933
2018-11-07,2,12.609
2018-11-07,3,12.2075
2018-11-07,4,12.1001
2018-11-07,5,12.0418
2018-11-07,6,11.8227
2018-11-07,7,11.7405
2018-11-07,8,11.7238
2018-11-07,9,11.714
2018-11-07,9.2,11.7125
2018-11-19,0.1,8.5742
2018-11-19,1,8.1398
2018-11-19,2,8.0912
2018-11-19,3,8.0837
2018-11-19,4,8.0577
2018-11-19,5,8.0247
2018-11-19,6,8.0096
2018-11-19,7,7.9956
2018-11-19,8,7.9738
2018-11-19,9,7.9741
2018-11-19,9.2,7.9762
2019-01-21,0.1,2.3
2019-01-21,1,2.3
2019-01-21,2,2.4
2019-01-21,3,2.5
2019-01-21,4,2.7
2019-01-21,5,3
2019-01-21,6,3.3
2019-02-08,0.1,4.886
2019-02-08,1,4.8756
2019-02-08,2,4.6749
2019-02-08,3,4.5192
2019-02-08,4,4.4369
2019-02-08,5,4.4155
2019-02-08,6,4.3227
2019-02-08,7,4.2591
2019-02-08,8,4.2038
2019-02-08,9,4.184
2019-02-08,9.2,4.2255
2019-03-18,0.1,9
2019-03-18,1,8.5
2019-03-18,2,8.5
2019-03-18,3,8.3
2019-03-18,4,8.3
2019-03-18,5,7.9
2019-03-18,6,6.8
2019-03-18,8,5.9
2019-03-18,9,5.7
2019-03-18,9.2,5.7
2019-04-01,0.1,10.8
2019-04-01,2,10.9
2019-04-01,4,9.9
2019-04-01,5,8.8
2019-04-01,6,8
2019-04-01,8,7.1
2019-04-01,9,6.7
2019-04-01,9.2,6.7
2019-04-29,0.1,16.8
2019-05-06,0.1,20.4
2019-05-06,2,20
2019-05-06,4,12.5
2019-05-06,5,10.1
2019-05-06,6,9.1
2019-05-06,8,8.5
2019-05-06,9,8.3
2019-05-06,9.2,8.3
2019-05-13,0.1,21.1
2019-05-13,1,20.3
2019-05-13,2,19.7
2019-05-13,3,16.2
2019-05-13,4,12.5
2019-05-13,5,10.2
2019-05-13,6,9.3
2019-05-13,8,8.6
2019-05-13,9,8.4
2019-05-13,9.2,8.4
2019-05-20,0.1,22.9
2019-05-20,1,22.1
2019-05-20,2,19.8
2019-05-20,3,16.8
2019-05-20,4,13.4
2019-05-20,5,10.8
2019-05-20,6,9.6
2019-05-20,8,8.8
2019-05-20,9,8.6
2019-05-20,9.2,8.6
2019-05-27,0.1,23.3
2019-05-27,1,24.9
2019-05-27,2,23.7
2019-05-27,3,18.4
2019-05-27,4,14
2019-05-27,5,11.4
2019-05-27,6,9.8
2019-05-27,7,9.1
2019-05-27,8,8.8
2019-05-27,9,8.7
2019-05-27,9.2,8.7
2019-05-30,0.1,25
2019-06-03,0.1,23.701
2019-06-03,1,23.6643
2019-06-03,2,21.871
2019-06-03,3,15.5119
2019-06-03,4,11.7427
2019-06-03,5,10.2939
2019-06-03,6,9.3672
2019-06-03,7,9.0129
2019-06-03,8,8.8177
2019-06-03,9,8.6908
2019-06-03,9.2,8.6229
2019-06-06,0.1,25.2851
2019-06-06,1,23.1468
2019-06-06,2,20.7942
2019-06-06,3,15.8734
2019-06-06,4,12.19
2019-06-06,5,10.6356
2019-06-06,6,9.5976
2019-06-06,7,9.5789
2019-06-06,8,9.5705
2019-06-06,9,9.5675
2019-06-06,9.2,9.5547
2019-06-10,0.1,21.6169
2019-06-10,1,21.2652
2019-06-10,2,20.3919
2019-06-10,3,17.228
2019-06-10,4,12.6893
2019-06-10,5,9.9544
2019-06-10,6,9.9101
2019-06-10,7,9.8829
2019-06-10,8,9.9031
2019-06-10,9,9.8561
2019-06-10,9.2,9.8767
2019-06-13,0.1,21.6123
2019-06-13,1,21.4024
2019-06-13,2,20.538
2019-06-13,3,17.5511
2019-06-13,4,12.2759
2019-06-13,5,10.1932
2019-06-13,6,10.1355
2019-06-13,7,10.1371
2019-06-13,8,10.1232
2019-06-13,9,10.1177
2019-06-13,9.2,10.1019
2019-06-17,0.1,23.4395
2019-06-17,1,23.3641
2019-06-17,2,20.5326
2019-06-17,3,17.9986
2019-06-17,4,12.6323
2019-06-17,5,10.4113
2019-06-17,6,10.383
2019-06-17,7,10.3743
2019-06-17,8,10.3772
2019-06-17,9,10.3476
2019-06-17,9.2,10.349
2019-06-20,0.1,24.8796
2019-06-20,1,23.5203
2019-06-20,2,21.0123
2019-06-20,3,17.1795
2019-06-20,4,12.2524
2019-06-20,5,10.5969
2019-06-20,6,10.4053
2019-06-20,7,10.3254
2019-06-20,8,10.2663
2019-06-20,9,10.0965
2019-06-20,9.2,10.0656
2019-06-24,0.1,23.7818
2019-06-24,1,23.4688
2019-06-24,2,21.712
2019-06-24,3,17.5798
2019-06-24,4,13.1112
2019-06-24,5,10.7217
2019-06-24,6,10.4747
2019-06-24,7,10.35
2019-06-24,8,10.2283
2019-06-24,9,10.02
2019-06-24,9.2,9.9632
2019-06-27,0.1,25.4849
2019-06-27,1,25.2753
2019-06-27,2,22.1279
2019-06-27,3,18.0526
2019-06-27,4,13.8767
2019-06-27,5,10.9591
2019-06-27,6,10.4319
2019-06-27,7,10.3049
2019-06-27,8,10.1977
2019-06-27,9,10.0135
2019-06-27,9.2,9.971
2019-07-01,0.1,26.5245
2019-07-01,1,26.4406
2019-07-01,2,23.0239
2019-07-01,3,17.8885
2019-07-01,4,13.5369
2019-07-01,5,11.3629
2019-07-01,6,10.5892
2019-07-01,7,10.3256
2019-07-01,8,10.2869
2019-07-01,9,10.0362
2019-07-01,9.2,9.9497
2019-07-03,0.1,26.0533
2019-07-03,1,26.0384
2019-07-03,2,26.0319
2019-07-03,3,18.7051
2019-07-03,4,13.373
2019-07-03,5,11.4987
2019-07-03,6,10.6346
2019-07-03,7,10.3754
2019-07-03,8,10.2478
2019-07-03,9,10.0322
2019-07-03,9.2,10.0241
2019-07-08,0.1,27.1817
2019-07-08,1,29.1191
2019-07-08,2,23.2813
2019-07-08,3,18.569
2019-07-08,4,13.8025
2019-07-08,5,11.5998
2019-07-08,6,10.6849
2019-07-08,7,10.2877
2019-07-08,8,10.3427
2019-07-08,9,10.164
2019-07-08,9.2,10.0203
2019-07-15,0.1,27.8368
2019-07-15,1,27.5106
2019-07-15,2,24.9812
2019-07-15,3,18.8962
2019-07-15,4,14.1786
2019-07-15,5,11.047
2019-07-15,6,11.0121
2019-07-15,7,10.999
2019-07-15,8,10.9823
2019-07-15,9,10.9897
2019-07-15,9.2,10.9717
2019-07-18,0.1,26.9808
2019-07-18,1,27.591
2019-07-18,2,25.0011
2019-07-18,3,18.1694
2019-07-18,4,14.0794
2019-07-18,5,11.2025
2019-07-18,6,11.1798
2019-07-18,7,11.1791
2019-07-18,8,11.1855
2019-07-18,9,11.148
2019-07-18,9.2,11.1423
2019-07-22,0.1,27.2727
2019-07-22,1,27.3281
2019-07-22,2,24.8489
2019-07-22,3,18.9043
2019-07-22,4,13.8348
2019-07-22,5,11.3449
2019-07-22,6,11.2042
2019-07-22,7,11.1514
2019-07-22,8,11.0534
2019-07-22,9,10.9336
2019-07-22,9.2,10.9711
2019-07-29,0.1,26.2249
2019-07-29,1,26.1616
2019-07-29,2,24.7667
2019-07-29,3,20.0737
2019-07-29,4,15.0617
2019-07-29,5,11.8291
2019-07-29,6,11.3261
2019-07-29,7,11.1224
2019-07-29,8,11.0387
2019-07-29,9,10.8844
2019-07-29,9.2,10.857
2019-08-01,0.1,25.4639
2019-08-01,1,25.3866
2019-08-01,2,24.2923
2019-08-01,3,20.5393
2019-08-01,4,14.8897
2019-08-01,5,12.0563
2019-08-01,6,11.3207
2019-08-01,7,11.0904
2019-08-01,8,10.9763
2019-08-01,9,10.8854
2019-08-01,9.2,10.8822
2019-08-05,0.1,26.496
2019-08-05,1,26.2779
2019-08-05,2,24.096
2019-08-05,3,20.0931
2019-08-05,4,14.9082
2019-08-05,5,12.4004
2019-08-05,6,11.2791
2019-08-05,7,11.075
2019-08-05,8,11.048
2019-08-05,9,10.8379
2019-08-05,9.2,10.8261
2019-08-08,0.1,25.6866
2019-08-08,1,25.5691
2019-08-08,3,20.2201
2019-08-08,4,15.4663
2019-08-08,5,11.9588
2019-08-08,6,11.5473
2019-08-08,7,11.4877
2019-08-08,8,11.4627
2019-08-08,9,11.4248
2019-08-08,9.2,11.4227
2019-08-12,0.1,25.4176
2019-08-12,1,25.2582
2019-08-12,4,15.097
2019-08-12,5,11.7529
2019-08-12,6,11.7031
2019-08-12,7,11.6891
2019-08-12,8,11.6763
2019-08-12,9,11.6691
2019-08-12,9.2,11.6687
2019-08-14,0.1,27.1478
2019-08-14,1,25.9988
2019-08-14,4,15.2105
2019-08-14,5,12.0608
2019-08-14,6,11.7956
2019-08-14,7,11.8146
2019-08-14,8,11.7855
2019-08-14,9,11.7908
2019-08-14,9.2,11.7767
2019-08-15,0.1,26.8499
2019-08-15,1,25.9571
2019-08-15,4,15.004
2019-08-15,5,11.9651
2019-08-15,6,11.846
2019-08-15,7,11.8475
2019-08-15,8,11.8129
2019-08-15,9,11.8182
2019-08-15,9.2,11.8067
2019-08-19,0.1,27.1844
2019-08-19,1,27.4223
2019-08-19,4,15.2434
2019-08-19,5,12.7096
2019-08-19,6,12.0122
2019-08-19,7,12.0029
2019-08-19,8,12.0071
2019-08-19,9,11.9827
2019-08-19,9.2,11.9814
2019-08-22,0.1,27.299
2019-08-22,1,27.2475
2019-08-22,4,14.8387
2019-08-22,5,12.3384
2019-08-22,6,11.9916
2019-08-22,7,11.9472
2019-08-22,8,11.8875
2019-08-22,9,11.7294
2019-08-22,9.2,11.7347
2019-08-28,2,23.4238
2019-08-28,4,15.4946
2019-08-28,5,12.369
2019-08-28,6,11.9213
2019-08-28,7,11.8635
2019-08-28,8,11.75
2019-08-28,9,11.6327
2019-08-28,9.2,11.6477
2019-09-02,4,16.1749
2019-09-02,5,12.6694
2019-09-02,6,12.0754
2019-09-02,7,11.9251
2019-09-02,8,11.777
2019-09-02,9,11.6379
2019-09-02,9.2,11.5597
2019-09-11,0.1,24.5514
2019-09-11,1,24.5102
2019-09-11,4,16.8891
2019-09-11,5,12.5012
2019-09-11,6,12.3585
2019-09-11,7,12.317
2019-09-11,8,12.2977
2019-09-11,9,12.2913
2019-09-11,9.2,12.2877
2019-09-20,0.1,22.1291
2019-09-20,4,16.1166
2019-09-20,5,12.6148
2019-09-20,6,12.575
2019-09-20,7,12.5748
2019-09-20,8,12.5625
2019-09-20,9,12.5653
2019-09-20,9.2,12.5666
2019-09-27,0.1,22.2232
2019-09-27,1,22.0398
2019-09-27,4,16.1581
2019-09-27,5,12.9197
2019-09-27,6,12.8061
2019-09-27,7,12.7966
2019-09-27,8,12.7888
2019-09-27,9,12.7803
2019-09-27,9.2,12.7767
2019-10-02,0.1,25.2603
2019-10-02,1,23.4512
2019-10-02,4,15.897
2019-10-02,5,12.9997
2019-10-02,6,12.9817
2019-10-02,7,12.9587
2019-10-02,8,12.9534
2019-10-02,9,12.9504
2019-10-02,9.2,12.9472
2019-10-04,0.1,24.0547
2019-10-04,1,23.573
2019-10-04,4,16.4167
2019-10-04,5,13.1282
2019-10-04,6,13.0748
2019-10-04,7,13.0031
2019-10-04,8,12.9951
2019-10-04,9,12.9888
2019-10-04,9.2,12.9851
2019-10-11,0.1,19.4388
2019-10-11,3,18.9455
2019-10-11,4,16.4899
2019-10-11,5,13.355
2019-10-11,6,13.2289
2019-10-11,7,13.199
2019-10-11,8,13.1954
2019-10-11,9,13.198
2019-10-11,9.2,13.1964
2019-10-22,0.1,15.0777
2019-10-22,1,14.9345
2019-10-22,2,14.6981
2019-10-22,3,14.6522
2019-10-22,4,14.562
2019-10-22,5,14.4931
2019-10-22,6,13.7579
2019-10-22,7,13.6009
2019-10-22,8,13.6009
2019-10-22,9,13.5912
2019-10-22,9.2,13.5879
2019-10-23,0.1,14.3937
2019-10-23,1,14.4934
2019-10-23,2,14.4917
2019-10-23,3,14.4898
2019-10-23,4,14.4718
2019-10-23,5,14.084
2019-10-23,6,13.6432
2019-10-23,7,13.6276
2019-10-23,8,13.626
2019-10-23,9,13.6224
2019-10-23,9.2,13.6232
2019-10-25,0.1,14.2677
2019-10-25,1,14.1173
2019-10-25,2,14.1011
2019-10-25,3,14.0716
2019-10-25,4,13.9171
2019-10-25,5,13.7314
2019-10-25,6,13.7175
2019-10-25,7,13.7013
2019-10-25,8,13.7017
2019-10-25,9,13.7024
2019-10-25,9.2,13.702
2019-10-28,0.1,15.5647
2019-10-28,1,15.4904
2019-10-28,2,14.2236
2019-10-28,3,13.9925
2019-10-28,4,13.7909
2019-10-28,5,13.7504
2019-10-28,6,13.7428
2019-10-28,7,13.7389
2019-10-28,8,13.7402
2019-10-28,9,13.7343
2019-10-28,9.2,13.734
2019-10-30,0.1,15.373
2019-10-30,1,15.2674
2019-10-30,2,14.4307
2019-10-30,3,13.9625
2019-10-30,4,13.8601
2019-10-30,5,13.7659
2019-10-30,6,13.751
2019-10-30,7,13.7573
2019-10-30,8,13.7511
2019-10-30,9,13.7502
2019-10-30,9.2,13.7493
2019-11-04,0.1,12.6855
2019-11-04,1,12.6428
2019-11-04,2,12.6191
2019-11-04,3,12.6098
2019-11-04,4,12.5922
2019-11-04,5,12.5777
2019-11-04,6,12.5709
2019-11-04,7,12.5693
2019-11-04,8,12.5668
2019-11-04,9,12.5676
2019-11-04,9.2,12.5714
2019-11-20,0.1,8.2547
2019-11-20,1,7.8913
2019-11-20,2,7.8514
2019-11-20,3,7.4109
2019-11-20,4,7.409
2019-11-20,5,7.3876
2019-11-20,6,7.3837
2019-11-20,7,7.3785
2019-11-20,8,7.3786
2019-11-20,9,7.3809
2019-11-20,9.2,7.3808
2019-12-06,0.1,6.0482
2019-12-06,1,5.5854
2019-12-06,2,5.5389
2019-12-06,3,5.5173
2019-12-06,4,5.5089
2019-12-06,5,5.4958
2019-12-06,6,5.4982
2019-12-06,7,5.4947
2019-12-06,8,5.4941
2019-12-06,9,5.4912
2019-12-06,9.2,5.4919
2020-02-29,0.1,5.6
2020-02-29,1,5.6
2020-02-29,2,5.6
2020-02-29,3,5.6
2020-02-29,4,5.6
2020-02-29,5,5.6
2020-02-29,6,5.6
2020-02-29,8,5.6
2020-02-29,9,5.6
2020-02-29,9.2,5.6
2020-03-16,0.1,10.5
2020-03-16,1,10.4
2020-03-16,2,9.6
2020-03-16,3,8.6
2020-03-16,4,7.8
2020-03-16,5,7.1
2020-03-16,6,6.8
2020-03-16,7,6.6
2020-03-16,8,6.5
2020-03-16,9,6.5
2020-03-16,9.2,6.5
2020-03-24,0.1,12.2
2020-03-24,1,12.1
2020-03-24,2,10.3
2020-03-24,3,9.2
2020-03-24,4,8.5
2020-03-24,5,7.6
2020-03-24,6,7
2020-03-24,7,6.7
2020-03-24,8,6.7
2020-03-24,9,6.6
2020-03-24,9.2,6.6
2020-03-30,0.1,16.8
2020-03-30,1,16.5
2020-03-30,2,12.5
2020-03-30,3,10.1
2020-03-30,4,8.7
2020-03-30,5,7.7
2020-03-30,6,7.1
2020-03-30,7,7
2020-03-30,8,6.9
2020-03-30,9,6.7
2020-03-30,9.2,6.7
2020-04-04,0.1,15
2020-04-04,2,13.4
2020-04-04,3,11.7
2020-04-04,4,10.1
2020-04-04,5,8
2020-04-04,6,7.3
2020-04-04,8,7
2020-04-04,9,6.9
2020-04-04,9.2,6.9
2020-04-10,0.1,14.8
2020-04-10,2,14.7
2020-04-10,3,14.1
2020-04-10,4,10.1
2020-04-10,5,8
2020-04-10,6,7.7
2020-04-10,8,7.4
2020-04-10,9,7.3
2020-04-10,9.2,7.3
2020-04-13,0.1,14.4
2020-04-13,2,14.7
2020-04-13,3,13.1
2020-04-13,4,11.8
2020-04-13,5,9.1
2020-04-13,6,7.9
2020-04-13,8,7.4
2020-04-13,9,7.3
2020-04-13,9.2,7.3
2020-04-20,0.1,12.1
2020-04-20,1,12.5
2020-04-20,2,12.6
2020-04-20,4,11
2020-04-20,5,9.4
2020-04-20,6,8.4
2020-04-20,7,7.8
2020-04-20,8,7.7
2020-04-20,9,7.5
2020-04-20,9.2,7.5
2020-04-27,0.1,13.9
2020-04-27,1,13.8
2020-04-27,2,13.8
2020-04-27,4,12.4
2020-04-27,5,10.2
2020-04-27,6,8.9
2020-04-27,7,8
2020-04-27,8,7.7
2020-04-27,9,7.6
2020-04-27,9.2,7.6
2020-05-04,0.1,17.6
2020-05-04,1,17.2
2020-05-04,2,16.8
2020-05-04,4,11.7
2020-05-04,5,10.5
2020-05-04,6,9.2
2020-05-04,7,8.2
2020-05-04,8,8
2020-05-04,9,7.9
2020-05-04,9.2,7.9
2020-05-11,0.1,13.5
2020-05-11,2,13.5
2020-05-11,4,12.1
2020-05-11,5,10.8
2020-05-11,6,9.3
2020-05-11,7,8.5
2020-05-11,8,8.3
2020-05-11,9,8.2
2020-05-11,9.2,8.2
2020-05-18,0.1,20.4
2020-05-18,1,19.1
2020-05-18,2,17.1
2020-05-18,4,12.6
2020-05-18,5,11.2
2020-05-18,6,10
2020-05-18,7,8.8
2020-05-18,8,8.6
2020-05-18,9,8.4
2020-05-18,9.2,8.4
2020-05-25,0.1,18.4
2020-05-25,1,15.9
2020-05-25,2,13.8
2020-05-25,3,13
2020-05-25,4,12.5
2020-05-25,5,11.3
2020-05-25,6,10.4
2020-05-25,7,9
2020-05-25,8,8.7
2020-05-25,9,8.5
2020-05-25,9.2,8.4
2020-06-03,0.1,22.3
2020-06-03,2,19.5
2020-06-03,4,12.3
2020-06-03,5,11.1
2020-06-03,6,10
2020-06-03,7,9.2
2020-06-03,8,8.9
2020-06-03,9,8.6
2020-06-03,9.2,8.6
2020-06-08,0.1,24.3
2020-06-08,2,21.7
2020-06-08,4,13
2020-06-08,5,11.4
2020-06-08,6,10.4
2020-06-08,7,9.3
2020-06-08,8,9
2020-06-08,9,8.9
2020-06-08,9.2,8.8
2020-06-12,0.1,23.6
2020-06-12,2,23.6
2020-06-12,4,12.2
2020-06-12,5,11.1
2020-06-12,6,10.2
2020-06-12,7,9.3
2020-06-12,8,9
2020-06-12,9,8.8
2020-06-12,9.2,8.8
2020-06-18,0.1,18.5038
2020-06-18,1,16.9336
2020-06-18,2,16.314
2020-06-18,3,13.7578
2020-06-18,4,11.9704
2020-06-18,5,10.6719
2020-06-18,6,9.7264
2020-06-18,7,9.2258
2020-06-18,8,9.0275
2020-06-18,9,8.8524
2020-06-18,9.2,8.8374
2020-06-22,0.1,22.0244
2020-06-22,1,18.1099
2020-06-22,2,16.4434
2020-06-22,4,12.1065
2020-06-22,5,10.62
2020-06-22,6,9.744
2020-06-22,7,9.3575
2020-06-22,8,9.1621
2020-06-22,9,9.031
2020-06-22,9.2,8.993
2020-06-25,0.1,22.684
2020-06-25,1,19.4695
2020-06-25,2,16.8039
2020-06-25,4,11.9193
2020-06-25,5,10.5926
2020-06-25,6,9.7372
2020-06-25,7,9.4487
2020-06-25,8,9.2347
2020-06-25,9,8.9987
2020-06-25,9.2,9.0091
2020-06-28,0.1,23.0989
2020-06-28,1,21.4375
2020-06-28,2,17.1372
2020-06-28,3,14.5152
2020-06-28,4,12.0855
2020-06-28,5,10.3964
2020-06-28,6,9.8009
2020-06-28,7,9.4758
2020-06-28,8,9.2655
2020-06-28,9,9.0755
2020-06-28,9.2,9.0761
2020-06-29,0.1,22.9834
2020-06-29,1,22.699
2020-06-29,2,17.4231
2020-06-29,4,11.9473
2020-06-29,5,10.3431
2020-06-29,6,9.7673
2020-06-29,7,9.5231
2020-06-29,8,9.3451
2020-06-29,9,9.1063
2020-06-29,9.2,9.3357
2020-07-02,0.1,24.7463
2020-07-02,1,24.5698
2020-07-02,2,18.9419
2020-07-02,4,11.8629
2020-07-02,5,10.3328
2020-07-02,6,9.8509
2020-07-02,7,9.8639
2020-07-02,8,9.8456
2020-07-02,9,9.8679
2020-07-02,9.2,9.8383
2020-07-06,0.1,26.7874
2020-07-06,1,24.4396
2020-07-06,2,19.438
2020-07-06,4,12.2492
2020-07-06,5,10.3076
2020-07-06,6,10.1263
2020-07-06,7,10.1511
2020-07-06,8,10.1234
2020-07-06,9,10.145
2020-07-06,9.2,10.1117
2020-07-08,5,12.1
2020-07-08,7,10.5
2020-07-08,8,10.2
2020-07-08,9,10.1
2020-07-08,9.2,10.1
2020-07-09,0.1,27.8321
2020-07-09,1,25.4392
2020-07-09,2,20.2661
2020-07-09,3,16.1418
2020-07-09,4,12.8823
2020-07-09,5,10.3106
2020-07-09,6,10.5164
2020-07-09,7,10.2589
2020-07-09,8,10.3755
2020-07-09,9,10.2369
2020-07-09,9.2,10.3119
2020-07-13,0.1,26.9532
2020-07-13,1,26.6851
2020-07-13,2,20.9525
2020-07-13,3,15.6754
2020-07-13,4,12.359
2020-07-13,5,10.5457
2020-07-13,6,10.4191
2020-07-13,7,10.4311
2020-07-13,8,10.3961
2020-07-13,9,10.3789
2020-07-13,9.2,10.3899
2020-07-17,0.1,26.787
2020-07-17,2,22.8061
2020-07-17,3,17.0318
2020-07-17,4,12.6512
2020-07-17,5,10.6929
2020-07-17,6,10.674
2020-07-17,7,10.6516
2020-07-17,8,10.6269
2020-07-17,9,10.6532
2020-07-17,9.2,10.6083
2020-07-20,0.1,28.0216
2020-07-20,1,27.8457
2020-07-20,2,26.2927
2020-07-20,3,21.6351
2020-07-20,4,15.1363
2020-07-20,5,11.9605
2020-07-20,6,10.807
2020-07-20,7,10.7398
2020-07-20,8,10.7653
2020-07-20,9,10.7222
2020-07-20,9.2,10.7202
2020-07-23,0.1,27.8846
2020-07-23,1,26.8791
2020-07-23,2,23.938
2020-07-23,3,17.5435
2020-07-23,4,12.9061
2020-07-23,5,11.0209
2020-07-23,6,10.913
2020-07-23,7,10.8729
2020-07-23,8,10.8329
2020-07-23,9,10.8177
2020-07-23,9.2,10.8165
2020-07-27,0.1,26.8112
2020-07-27,1,26.7404
2020-07-27,2,22.6735
2020-07-27,4,12.2718
2020-07-27,5,11.0059
2020-07-27,6,10.9933
2020-07-27,7,10.9795
2020-07-27,8,10.9876
2020-07-27,9,10.9548
2020-07-27,9.2,10.9383
2020-07-30,0.1,26.9068
2020-07-30,1,26.2657
2020-07-30,2,24.2796
2020-07-30,4,13.1321
2020-07-30,5,11.0847
2020-07-30,6,11.069
2020-07-30,7,11.0615
2020-07-30,8,11.0482
2020-07-30,9,11.027
2020-07-30,9.2,11.0257
2020-08-03,0.1,26.2773
2020-08-03,1,25.7749
2020-08-03,2,21.8758
2020-08-03,3,17.6812
2020-08-03,4,12.3661
2020-08-03,5,11.1556
2020-08-03,6,11.1355
2020-08-03,7,11.1322
2020-08-03,8,11.133
2020-08-03,9,11.1218
2020-08-03,9.2,11.1212
2020-08-06,0.1,25.5965
2020-08-06,1,25.0513
2020-08-06,4,12.514
2020-08-06,5,11.3442
2020-08-06,6,11.3451
2020-08-06,7,11.2595
2020-08-06,8,11.2287
2020-08-06,9,11.2256
2020-08-06,9.2,11.2284
2020-08-10,0.1,27.0549
2020-08-10,2,23.6987
2020-08-10,4,12.7679
2020-08-10,5,11.3822
2020-08-10,6,11.3802
2020-08-10,7,11.3718
2020-08-10,8,11.3672
2020-08-10,9,11.3512
2020-08-10,9.2,11.3549
2020-08-17,0.1,23.2411
2020-08-17,1,23.2261
2020-08-17,2,23.1752
2020-08-17,4,12.7206
2020-08-17,5,11.5821
2020-08-17,6,11.5425
2020-08-17,7,11.5346
2020-08-17,8,11.5312
2020-08-17,9,11.5308
2020-08-17,9.2,11.533
2020-08-24,0.1,24.7968
2020-08-24,4,12.9628
2020-08-24,5,11.7297
2020-08-24,6,11.7165
2020-08-24,7,11.7134
2020-08-24,8,11.699
2020-08-24,9,11.6931
2020-08-24,9.2,11.693
2020-09-02,0.1,24.0047
2020-09-02,1,23.6117
2020-09-02,4,13.8436
2020-09-02,5,11.9526
2020-09-02,6,11.9188
2020-09-02,7,11.9175
2020-09-02,8,11.9179
2020-09-02,9,11.9305
2020-09-02,9.2,11.9305
2020-09-03,0.1,25.188
2020-09-03,4,13.5022
2020-09-03,5,11.9698
2020-09-03,6,11.9391
2020-09-03,7,11.9267
2020-09-03,8,11.9368
2020-09-03,9,11.9229
2020-09-03,9.2,11.9222
2020-09-09,0.1,24.8999
2020-09-09,1,23.8137
2020-09-09,4,13.6383
2020-09-09,5,12.0749
2020-09-09,6,12.0772
2020-09-09,7,12.0649
2020-09-09,8,12.062
2020-09-09,9,12.0602
2020-09-09,9.2,12.0602
2020-09-10,0.1,25.5
2020-09-10,2,23.6
2020-09-10,4,17.5
2020-09-10,5,13.9
2020-09-10,6,12.5
2020-09-10,8,12.1
2020-09-10,9,12
2020-09-10,9.2,12
2020-09-11,0.1,24.4949
2020-09-11,4,14.1553
2020-09-11,5,12.2859
2020-09-11,6,12.1459
2020-09-11,7,12.1272
2020-09-11,8,12.1076
2020-09-11,9,12.1218
2020-09-11,9.2,12.1074
2020-09-14,0.1,24.4
2020-09-14,2,22.8
2020-09-14,4,17.8
2020-09-14,5,17.6
2020-09-14,6,12.7
2020-09-14,8,12
2020-09-14,9,11.9
2020-09-14,9.2,11.9
2020-09-15,0.1,23.1985
2020-09-15,4,13.8973
2020-09-15,5,12.3704
2020-09-15,6,12.0992
2020-09-15,7,12.0423
2020-09-15,8,11.9558
2020-09-15,9,11.8639
2020-09-15,9.2,11.8546
2020-09-16,0.1,21.7
2020-09-16,4,14.5
2020-09-16,5,12.6
2020-09-16,6,12.2
2020-09-16,8,12
2020-09-16,9,11.9
2020-09-16,9.2,11.9
2020-09-19,0.1,19.6
2020-09-19,2,19.9
2020-09-19,4,17.3
2020-09-19,5,13.2
2020-09-19,6,12.1
2020-09-19,8,11.9
2020-09-19,9,11.8
2020-09-19,9.2,11.8
2020-09-21,0.1,17.9402
2020-09-21,1,18.5404
2020-09-21,2,18.4991
2020-09-21,3,18.5311
2020-09-21,4,14.5286
2020-09-21,5,12.3807
2020-09-21,6,12.046
2020-09-21,7,11.9618
2020-09-21,8,11.9172
2020-09-21,9,11.8405
2020-09-21,9.2,11.7354
2020-09-25,0.1,17.9328
2020-09-25,1,18.1066
2020-09-25,3,17.5709
2020-09-25,4,14.5719
2020-09-25,5,12.2787
2020-09-25,6,11.9953
2020-09-25,7,11.8982
2020-09-25,8,11.8261
2020-09-25,9,11.8199
2020-09-25,9.2,11.6792
2020-09-30,0.1,17.3266
2020-09-30,1,17.3111
2020-09-30,2,17.3003
2020-09-30,3,17.2876
2020-09-30,4,14.1782
2020-09-30,5,12.458
2020-09-30,6,12.1546
2020-09-30,7,12.1375
2020-09-30,8,12.134
2020-09-30,9,12.1252
2020-09-30,9.2,12.1289
2020-10-04,0.1,16.8436
2020-10-04,1,16.7771
2020-10-04,2,16.6444
2020-10-04,3,16.4046
2020-10-04,4,14.3825
2020-10-04,5,13.1878
2020-10-04,6,12.3146
2020-10-04,7,12.2895
2020-10-04,8,12.3009
2020-10-04,9,12.2889
2020-10-04,9.2,12.29
2020-10-06,0.1,16.1189
2020-10-06,1,16.2492
2020-10-06,2,16.3057
2020-10-06,3,16.2819
2020-10-06,4,15.2365
2020-10-06,5,12.3946
2020-10-06,6,12.3772
2020-10-06,7,12.3628
2020-10-06,8,12.3552
2020-10-06,9,12.3473
2020-10-06,9.2,12.3413
2020-10-13,0.1,18.0097
2020-10-13,1,17.7372
2020-10-13,2,16.6674
2020-10-13,3,15.9245
2020-10-13,4,15.1137
2020-10-13,5,12.6092
2020-10-13,6,12.5938
2020-10-13,7,12.5841
2020-10-13,8,12.5895
2020-10-13,9,12.5825
2020-10-13,9.2,12.5824
2020-10-16,0.1,16.554
2020-10-16,1,16.4797
2020-10-16,2,16.4648
2020-10-16,3,16.2234
2020-10-16,4,14.9019
2020-10-16,5,13.2271
2020-10-16,6,12.685
2020-10-16,7,12.6832
2020-10-16,8,12.684
2020-10-16,9,12.6793
2020-10-16,9.2,12.6792
2020-10-17,0.1,15.0064
2020-10-17,1,15.2411
2020-10-17,2,15.3148
2020-10-17,3,15.4255
2020-10-17,4,15.293
2020-10-17,5,12.9968
2020-10-17,6,12.7
2020-10-17,7,12.7004
2020-10-17,8,12.6967
2020-10-17,9,12.6996
2020-10-17,9.2,12.687
2020-10-19,0.1,14.8023
2020-10-19,1,14.7777
2020-10-19,2,14.7548
2020-10-19,3,14.7301
2020-10-19,4,14.6742
2020-10-19,5,13.5495
2020-10-19,6,12.8013
2020-10-19,7,12.771
2020-10-19,8,12.7611
2020-10-19,9,12.7594
2020-10-19,9.2,12.7536
2020-10-28,0.1,16.7579
2020-10-28,1,16.371
2020-10-28,2,15.1254
2020-10-28,3,14.751
2020-10-28,4,14.2695
2020-10-28,5,13.0237
2020-10-28,6,13.0146
2020-10-28,7,13.0309
2020-10-28,8,13.0062
2020-10-28,9,13.0171
2020-10-28,9.2,13.0038
2020-11-02,0.1,12.999
2020-11-02,1,13.4544
2020-11-02,2,13.067
2020-11-02,3,13.0483
2020-11-02,4,13.0532
2020-11-02,5,12.9111
2020-11-02,6,13.0535
2020-11-02,7,12.8325
2020-11-02,8,13.0485
2020-11-02,9,12.8237
2020-11-02,9.2,13.0488
2020-11-04,0.1,13.2491
2020-11-04,1,12.9804
2020-11-04,2,11.9497
2020-11-04,3,11.9049
2020-11-04,4,11.8889
2020-11-04,5,11.8447
2020-11-04,6,11.8116
2020-11-04,7,11.806
2020-11-04,8,11.8018
2020-11-04,9,11.7964
2020-11-04,9.2,11.7958
2020-11-09,0.1,13.698
2020-11-09,1,13.2785
2020-11-09,2,11.9113
2020-11-09,3,11.8544
2020-11-09,4,11.7733
2020-11-09,5,11.7533
2020-11-09,6,11.7473
2020-11-09,7,11.7479
2020-11-09,8,11.7507
2020-11-09,9,11.7472
2020-11-09,9.2,11.7488
2020-11-10,0.1,15.5
2020-11-10,1,13.6
2020-11-10,2,12.7
2020-11-10,3,12
2020-11-10,4,11.8
2020-11-10,5,11.8
2020-11-10,6,11.7
2020-11-10,7,11.7
2020-11-10,8,11.7
2020-11-10,9,11.7
2020-11-10,9.2,11.7
2020-12-14,0.1,7.1505
2020-12-14,1,7.0219
2020-12-14,2,6.989
2020-12-14,3,6.9597
2020-12-14,4,6.9231
2020-12-14,5,6.7767
2020-12-14,6,6.5224
2020-12-14,7,6.0761
2020-12-14,8,5.7157
2020-12-14,9,5.7024
2020-12-14,9.2,5.7018
2021-02-08,0.1,2.7
2021-02-08,1,2.6
2021-02-08,2,2.5
2021-02-08,3,2.6
2021-02-26,0.1,5.3
2021-02-26,2,5.2
2021-02-26,3,5.1
2021-02-26,6,4.8
2021-03-22,0.1,10.3205
2021-03-22,1,9.5855
2021-03-22,2,8.3651
2021-03-22,3,8.031
2021-03-22,4,7.8405
2021-03-22,5,7.5139
2021-03-22,6,7.2075
2021-03-22,7,6.3973
2021-03-22,8,5.7283
2021-03-22,9,5.6957
2021-03-22,9.2,5.7061
2021-03-31,0.1,12.3668
2021-03-31,1,12.2049
2021-03-31,2,11.5395
2021-03-31,3,9.549
2021-03-31,4,7.9878
2021-03-31,5,7.3271
2021-03-31,6,7.0975
2021-03-31,7,6.8435
2021-03-31,8,6.6131
2021-03-31,9,6.5543
2021-03-31,9.2,6.6021
2021-04-16,0.1,14.4827
2021-04-16,1,14.3796
2021-04-16,2,11.6426
2021-04-16,3,9.6782
2021-04-16,4,8.8021
2021-04-16,5,8.2218
2021-04-16,6,8.0542
2021-04-16,7,7.7713
2021-04-16,8,7.5056
2021-04-16,9,7.3713
2021-04-16,9.2,7.3661
2021-04-18,0.1,14.7
2021-04-18,1,14.4
2021-04-18,2,14.2
2021-04-18,3,11.4
2021-04-18,4,9.7
2021-04-18,5,8.5
2021-04-18,6,8.1
2021-04-18,7,7.8
2021-04-18,8,7.6
2021-04-18,9,7.5
2021-04-18,9.2,7.5
2021-04-26,0.1,14.038
2021-04-26,1,12.9119
2021-04-26,2,12.58
2021-04-26,3,11.2512
2021-04-26,4,9.6936
2021-04-26,5,8.5646
2021-04-26,6,7.9726
2021-04-26,7,7.8313
2021-04-26,8,7.687
2021-04-26,9,7.6147
2021-04-26,9.2,7.5953
2021-05-06,0.1,18.3816
2021-05-06,1,18.3404
2021-05-06,2,15.6344
2021-05-06,3,12.1637
2021-05-06,4,9.4593
2021-05-06,5,8.9471
2021-05-06,6,8.477
2021-05-06,7,8.2785
2021-05-06,8,8.1635
2021-05-06,9,7.9857
2021-05-06,9.2,7.9733
2021-05-14,0.1,17.7735
2021-05-14,1,16.5344
2021-05-14,2,15.3724
2021-05-14,3,13.7467
2021-05-14,4,10.2642
2021-05-14,5,9.1586
2021-05-14,6,8.553
2021-05-14,7,8.3117
2021-05-14,8,8.0993
2021-05-14,9,8.039
2021-05-14,9.2,8.0144
2021-05-24,0.1,22.6423
2021-05-24,1,22.3945
2021-05-24,2,16.5605
2021-05-24,3,13.9678
2021-05-24,4,10.7503
2021-05-24,5,9.2978
2021-05-24,6,8.5939
2021-05-24,7,8.3979
2021-05-24,8,8.2692
2021-05-24,9,8.1756
2021-05-24,9.2,8.0996
2021-05-26,0.1,23.4722
2021-05-26,1,21.1554
2021-05-26,2,16.0148
2021-05-26,3,13.835
2021-05-26,4,10.8935
2021-05-26,5,9.2047
2021-05-26,6,8.6345
2021-05-26,7,8.4455
2021-05-26,8,8.2751
2021-05-26,9,8.1553
2021-05-26,9.2,8.1165
2021-05-28,0.1,23.9991
2021-05-28,1,20.6432
2021-05-28,2,16.3216
2021-05-28,3,13.4
2021-05-28,4,10.5774
2021-05-28,5,9.203
2021-05-28,6,8.5869
2021-05-28,7,8.4053
2021-05-28,8,8.285
2021-05-28,9,8.1484
2021-05-28,9.2,8.126
2021-05-31,0.1,21.1196
2021-05-31,1,19.9136
2021-05-31,2,17.5015
2021-05-31,3,13.8611
2021-05-31,4,10.7501
2021-05-31,5,9.5334
2021-05-31,6,8.8657
2021-05-31,7,8.5544
2021-05-31,8,8.3138
2021-05-31,9,8.213
2021-05-31,9.2,8.1865
2021-06-02,0.1,21.8736
2021-06-02,1,20.184
2021-06-02,2,17.6911
2021-06-02,3,13.5007
2021-06-02,4,10.4259
2021-06-02,5,9.4582
2021-06-02,6,8.8189
2021-06-02,7,8.5345
2021-06-02,8,8.3434
2021-06-02,9,8.297
2021-06-02,9.2,8.3021
2021-06-04,0.1,24.7098
2021-06-04,1,20.6409
2021-06-04,2,17.576
2021-06-04,3,12.8365
2021-06-04,4,10.2304
2021-06-04,5,9.2825
2021-06-04,6,8.7489
2021-06-04,7,8.4994
2021-06-04,8,8.4127
2021-06-04,9,8.2734
2021-06-04,9.2,8.2286
2021-06-07,0.1,23.6524
2021-06-07,1,20.2171
2021-06-07,2,16.6382
2021-06-07,3,13.7164
2021-06-07,4,10.9702
2021-06-07,5,9.6372
2021-06-07,6,8.9563
2021-06-07,7,8.6194
2021-06-07,8,8.4062
2021-06-07,9,8.3015
2021-06-07,9.2,8.2723
2021-06-10,0.1,25.6926
2021-06-10,1,20.1144
2021-06-10,2,16.7498
2021-06-10,3,13.0876
2021-06-10,4,10.6647
2021-06-10,5,9.5098
2021-06-10,6,8.8122
2021-06-10,7,8.5866
2021-06-10,8,8.6732
2021-06-10,9,8.3691
2021-06-10,9.2,8.3194
2021-06-11,0.1,25.8781
2021-06-11,1,24.4169
2021-06-11,2,16.6216
2021-06-11,3,13.9086
2021-06-11,4,10.9327
2021-06-11,5,9.5576
2021-06-11,6,8.7814
2021-06-11,7,8.6041
2021-06-11,8,8.523
2021-06-11,9,8.5615
2021-06-11,9.2,8.3581
2021-06-15,0.1,26.6535
2021-06-15,1,25.9064
2021-06-15,2,17.6058
2021-06-15,3,13.6899
2021-06-15,4,10.9098
2021-06-15,5,9.2202
2021-06-15,6,9.1797
2021-06-15,7,9.1447
2021-06-15,8,9.146
2021-06-15,9,9.1835
2021-06-15,9.2,9.1418
2021-06-18,0.1,23.1
2021-06-18,1,23.2624
2021-06-18,2,17.9126
2021-06-18,3,13.8739
2021-06-18,4,11.1895
2021-06-18,5,9.3365
2021-06-18,6,9.3334
2021-06-18,7,9.3468
2021-06-18,8,9.3231
2021-06-18,9,9.3213
2021-06-18,9.2,9.3182
2021-06-21,0.1,24.9598
2021-06-21,1,21.0093
2021-06-21,2,17.3053
2021-06-21,3,14.0369
2021-06-21,4,11.0778
2021-06-21,5,9.73
2021-06-21,6,9.6647
2021-06-21,7,9.6246
2021-06-21,8,9.5498
2021-06-21,9,9.5477
2021-06-21,9.2,9.5083
2021-06-28,0.1,25.8868
2021-06-28,1,24.3731
2021-06-28,2,18.0883
2021-06-28,3,13.7618
2021-06-28,4,11.4484
2021-06-28,5,9.9607
2021-06-28,6,9.9746
2021-06-28,7,9.8077
2021-06-28,8,9.8041
2021-06-28,9,9.7613
2021-06-28,9.2,9.7561
2021-07-07,0.1,26.9954
2021-07-07,1,26.313
2021-07-07,4,11.0362
2021-07-07,5,10.1869
2021-07-07,6,9.874
2021-07-07,7,9.8225
2021-07-07,8,9.7601
2021-07-07,9,9.6101
2021-07-07,9.2,9.5683
2021-07-12,0.1,26.1118
2021-07-12,1,25.5908
2021-07-12,3,14.8096
2021-07-12,4,11.5431
2021-07-12,5,10.3313
2021-07-12,6,10.0411
2021-07-12,7,9.8843
2021-07-12,8,9.759
2021-07-12,9,9.6553
2021-07-12,9.2,9.5963
2021-07-21,0.1,25.9511
2021-07-21,1,25.898
2021-07-21,2,21.4673
2021-07-21,3,16.3737
2021-07-21,4,11.3982
2021-07-21,5,10.198
2021-07-21,6,9.8969
2021-07-21,7,9.841
2021-07-21,8,9.8123
2021-07-21,9,9.7213
2021-07-21,9.2,9.6445
2021-07-26,0.1,27.6919
2021-07-26,1,26.0355
2021-07-26,2,21.8925
2021-07-26,3,15.5281
2021-07-26,4,11.4356
2021-07-26,5,10.3195
2021-07-26,6,9.9323
2021-07-26,7,9.836
2021-07-26,8,9.7717
2021-07-26,9,9.6306
2021-07-26,9.2,9.6164
2021-08-02,0.1,25.6827
2021-08-02,1,25.7773
2021-08-02,2,21.8089
2021-08-02,3,16.7655
2021-08-02,4,11.5555
2021-08-02,5,10.1747
2021-08-02,6,10.1883
2021-08-02,7,10.1986
2021-08-02,8,10.1602
2021-08-02,9,10.1523
2021-08-02,9.2,10.1532
2021-08-09,0.1,27
2021-08-09,1,25.9
2021-08-09,2,25.3
2021-08-09,3,22
2021-08-09,4,16.1
2021-08-09,5,11.7
2021-08-09,6,10.8
2021-08-09,7,10.6
2021-08-09,8,10.5
2021-08-09,9,10.3
2021-08-09,9.2,10.3
2021-08-16,0.1,25.8
2021-08-16,1,25.9
2021-08-16,2,25.7
2021-08-16,3,23
2021-08-16,4,18.6
2021-08-16,5,13.2
2021-08-16,6,11.6
2021-08-16,7,11
2021-08-16,8,10.9
2021-08-16,9,10.8
2021-08-16,9.2,10.8
2021-08-20,5,11.5
2021-08-20,9,10.8
2021-08-20,9.2,10.8
2021-08-23,0.1,26.1
2021-08-23,1,26.3
2021-08-23,2,25.8
2021-08-23,3,23.2
2021-08-23,4,17
2021-08-23,5,11.7
2021-08-23,6,11.2
2021-08-23,7,11
2021-08-23,8,10.9
2021-08-23,9,10.9
2021-08-23,9.2,10.9
2021-08-31,0.1,27.2
2021-08-31,1,27.1
2021-08-31,2,26.6
2021-08-31,3,22.8
2021-08-31,4,17.7
2021-08-31,5,12.8
2021-08-31,6,11.3
2021-08-31,7,11.2
2021-08-31,8,11.1
2021-08-31,9,11.1
2021-08-31,9.2,11.1
2021-09-06,0.1,25.4
2021-09-06,1,25.5
2021-09-06,2,25
2021-09-06,3,22.6
2021-09-06,4,17.5
2021-09-06,5,13
2021-09-06,6,11.6
2021-09-06,7,11.5
2021-09-06,8,11.4
2021-09-06,9,11.3
2021-09-06,9.2,11.3
2021-09-14,0.1,23.4
2021-09-14,1,23.3
2021-09-14,2,23
2021-09-14,3,22.5
2021-09-14,4,17.9
2021-09-14,5,14.1
2021-09-14,6,12
2021-09-14,7,11.7
2021-09-14,8,11.6
2021-09-14,9,11.5
2021-09-14,9.2,11.5
2021-09-21,0.1,22.5
2021-09-21,1,23.1
2021-09-21,2,23.1
2021-09-21,3,22.7
2021-09-21,4,18.7
2021-09-21,5,14.6
2021-09-21,6,12.2
2021-09-21,7,11.9
2021-09-21,8,11.8
2021-09-21,9,11.7
2021-09-21,9.2,11.7
2021-09-27,0.1,20
2021-09-27,1,19.7
2021-09-27,2,19.7
2021-09-27,3,19.5
2021-09-27,4,18.5
2021-09-27,5,14.6
2021-09-27,6,12.6
2021-09-27,7,12.1
2021-09-27,8,12
2021-09-27,9,11.9
2021-09-27,9.2,11.9
2021-10-04,0.1,21.3
2021-10-04,1,21
2021-10-04,2,20.3
2021-10-04,3,19.9
2021-10-04,4,18.5
2021-10-04,5,14.7
2021-10-04,6,12.4
2021-10-04,7,12.1
2021-10-04,8,12.1
2021-10-04,9,12
2021-10-04,9.2,12
2021-10-11,0.1,19.9
2021-10-11,1,19.8
2021-10-11,2,19.8
2021-10-11,3,19.8
2021-10-11,4,18.5
2021-10-11,5,14.1
2021-10-11,6,12.7
2021-10-11,7,12.3
2021-10-11,8,12.3
2021-10-11,9,12.2
2021-10-11,9.2,12.2
2021-10-18,0.1,17.8
2021-10-18,1,17.8
2021-10-18,2,17.7
2021-10-18,3,17.7
2021-10-18,4,17.6
2021-10-18,5,14.6
2021-10-18,6,12.6
2021-10-18,7,12.4
2021-10-18,8,12.4
2021-10-18,9,12.4
2021-10-18,9.2,12.4
2021-10-25,0.1,16.8
2021-10-25,1,16.6
2021-10-25,2,16.6
2021-10-25,3,16.5
2021-10-25,4,16.3
2021-10-25,5,15.3
2021-10-25,6,12.8
2021-10-25,7,12.7
2021-10-25,8,12.6
2021-10-25,9,12.6
2021-10-25,9.2,12.6
2021-10-26,0.1,16.8
2021-10-26,5,15
2021-11-03,0.1,13.2
2021-11-03,1,13.4
2021-11-03,2,13.4
2021-11-03,3,13.4
2021-11-03,4,13.4
2021-11-03,5,13.3
2021-11-03,6,13.2
2021-11-03,7,13
2021-11-03,8,13
2021-11-03,9,13
2021-11-03,9.2,13
2021-11-08,0.1,11.6
2021-11-08,1,11.5
2021-11-08,2,11.5
2021-11-08,3,11.5
2021-11-08,4,11.5
2021-11-08,5,11.4
2021-11-08,6,11.4
2021-11-08,7,11.4
2021-11-08,8,11.4
2021-11-08,9,11.4
2021-11-08,9.2,11.4
2021-11-22,0.1,9.2
2021-11-22,1,9.3
2021-11-22,2,9
2021-11-22,3,8.9
2021-11-22,4,8.9
2021-11-22,5,8.9
2021-11-22,6,8.9
2021-11-22,7,8.9
2021-11-22,8,8.9
2021-11-22,9,8.9
2021-11-22,9.2,8.9
2021-12-06,0.1,7.6
2021-12-06,1,7
2021-12-06,2,6.8
2021-12-06,3,6.7
2021-12-06,4,6.6
2021-12-06,5,6.6
2021-12-06,6,6.6
2021-12-06,7,6.6
2021-12-06,8,6.6
2021-12-06,9,6.6
2021-12-06,9.2,6.6
2021-12-14,0.1,6.7398
2021-12-14,1,6.1057
2021-12-14,2,6.0937
2021-12-14,3,6.0021
2021-12-14,4,6.004
2021-12-14,5,5.9783
2021-12-14,6,5.9785
2021-12-14,7,5.9705
2021-12-14,8,5.9595
2021-12-14,9,5.9527
2021-12-14,9.2,5.9508